Tier, My Team/Pokemon Revealed, Opponent's Team/Pokemon Revealed, Win/Loss, Own Pokemon Down, Opponent Pokemon Down, Moves used, Super effective, Not very effective, Total Moves, Attacking Moves, Status Moves, Turns, Rank
[Gen 7] RU,Araquanid|Cloyster|Donphan|Jolteon|Pangoro|Salazzle,Araquanid|Blastoise|Honchkrow|Metagross|Nidoqueen|Snorlax,Win,3,5,{'Liquidation': 2 | 'Sticky Web': 1 | 'Supersonic Skystrike': 1 | 'Brave Bird': 1 | 'Taunt': 1 | 'Icicle Spear': 3 | 'Aura Sphere': 1 | 'Dark Pulse': 6 | 'Leech Life': 3 | 'Protect': 2 | 'Volt Switch': 2 | 'Swords Dance': 1 | 'Earth Power': 1 | 'Knock Off': 1 | 'Meteor Mash': 1 | 'Fire Blast': 1 | 'Water Pulse': 1 | 'Shell Smash': 1 | 'Curse': 1 | 'Hydro Pump': 1 | 'Earthquake': 1},3,5,33,26,7,25,N/A
[Gen 7] RU,Blastoise|Espeon|Flygon|Galvantula|Metagross|Nidoqueen,Arcanine|Bewear|Blastoise|Bronzong|Goodra|Nidoqueen,Win,4,6,{'Toxic': 1 | 'Shadow Ball': 1 | 'Draco Meteor': 2 | 'Dark Pulse': 5 | 'Thunderbolt': 1 | 'Meteor Mash': 1 | 'Stealth Rock': 1 | 'Psyshock': 3 | 'Gyro Ball': 1 | 'Earthquake': 5 | 'Fire Punch': 1 | 'Ice Beam': 1 | 'Flare Blitz': 1 | 'Dragon Dance': 1 | 'Will-O-Wisp': 1},6,2,26,22,4,24,1000 → 1064(+64 for winning)
[Gen 7] NU,Braviary|Exeggutor-Alola|Pangoro|Rotom|Seismitoad|Weezing,Aerodactyl|Comfey|Golbat|Heliolisk|Kingler|Steelix,Win,0,3,{'Taunt': 1 | 'Scald': 2 | 'Stealth Rock': 1 | 'Giga Drain': 1 | 'Draining Kiss': 1 | 'Toxic Spikes': 4 | 'Will-O-Wisp': 2 | 'Defog': 2 | 'Curse': 4 | 'Haze': 2 | 'Rest': 1 | 'Sleep Talk': 2 | 'Trick': 1 | 'Volt Switch': 1 | 'Frustration': 2 | 'Agility': 1 | 'Liquidation': 1 | 'Knock Off': 1 | 'Earthquake': 1},3,1,31,10,21,19,N/A
[Gen 7] Unrated Random Battle,Diggersby|Jumpluff|Ludicolo|Mimikyu|Swellow|Togekiss,Aegislash|Celebi|Furfrou|Goodra|Kyurem-Black,Loss,6,3,{'Thunderbolt': 2 | 'Swords Dance': 2 | 'Play Rough': 1 | 'Toxic': 1 | "Let's Snuggle Forever": 1 | 'Shadow Sneak': 3 | "King's Shield": 1 | 'Earthquake': 1 | 'Ice Beam': 4 | 'Fusion Bolt': 4 | 'Protect': 1 | 'Facade': 1 | 'Acrobatics': 1 | 'Aura Sphere': 1 | 'Agility': 1 | 'Giga Drain': 2 | 'Return': 1},10,0,28,22,6,17,N/A
[Gen 7] Random Battle,Ampharos|Hitmonchan|Honchkrow|Lunala,Crawdaunt|Deoxys|Granbull|Scrafty,Win,0,4,{'Volt Switch': 1 | 'Earthquake': 1 | 'Moongeist Beam': 1 | 'Crunch': 1 | 'Psyshock': 1 | 'Bulk Up': 1 | 'Drain Punch': 2 | 'Knock Off': 1 | 'Stealth Rock': 1 | 'Fire Punch': 1 | 'Pursuit': 1 | 'Brave Bird': 1},4,1,13,11,2,9,1427 → 1447(+20 for winning)
[Gen 7] Unrated Random Battle,Castform|Doublade|Goodra,Furfrou|Manectric|Palossand|Rayquaza|Thundurus|Toxicroak,Win,2,5,{'Z-Sunny Day': 1 | 'Fire Blast': 3 | 'Drain Punch': 1 | 'Ice Beam': 3 | 'Draco Meteor': 2 | 'Thunderbolt': 2 | 'Sludge Bomb': 3 | 'Earthquake': 1 | 'Swords Dance': 1 | 'Shadow Sneak': 2 | 'U-turn': 1 | 'Sacred Sword': 1 | 'Nasty Plot': 1 | 'Overheat': 1},4,4,23,21,2,15,N/A
[Gen 7] Random Battle,Articuno|Gorebyss,Butterfree|Cofagrigus|Solgaleo|Swampert,Win,0,3,{'Substitute': 1 | 'Sleep Powder': 1 | 'Freeze-Dry': 1 | 'Hurricane': 1 | 'Flare Blitz': 1 | 'Sunsteel Strike': 1 | 'Zen Headbutt': 1 | 'Shell Smash': 1 | 'Hydro Pump': 2 | 'Ice Beam': 1 | 'Hidden Power': 1},2,3,12,9,3,9,N/A
[Gen 7] Unrated Random Battle,Drifblim|Fini|Hitmonlee|Lilligant|Lugia,Ampharos|Bewear|Charizard|Exeggutor-Alola|Kingdra|Scizor,Win,2,6,{'Fake Out': 2 | 'High Jump Kick': 2 | 'Focus Blast': 1 | 'Poison Jab': 1 | 'Hammer Arm': 1 | 'Will-O-Wisp': 3 | 'Swords Dance': 3 | 'Psychic': 2 | 'Return': 1 | 'Air Slash': 2 | 'Thunder Wave': 1 | 'Scald': 3 | 'Bug Bite': 1 | 'Knock Off': 2 | 'Acrobatics': 1 | 'Ice Beam': 1 | 'Trick Room': 1 | 'Giga Drain': 1 | 'Flamethrower': 1 | 'Rain Dance': 1 | 'Waterfall': 1},8,3,32,23,9,23,N/A
[Gen 7] Random Battle,Cradily,Feraligatr|Latios|Mewtwo|Primarina|Torterra,Win,0,3,{'Liquidation': 1 | 'Seed Bomb': 4 | 'Earthquake': 3 | 'Curse': 4 | 'Recover': 4 | 'Draco Meteor': 3 | 'Rock Slide': 5 | 'Roost': 3 | 'Calm Mind': 2 | 'Fire Blast': 3 | 'Hydro Pump': 1},2,0,33,20,13,18,N/A
[Gen 7] Unrated Random Battle,Arcanine|Breloom|Dedenne|Froslass|Klefki|Victini,Bastiodon|Drapion|Hitmonlee|Pheromosa|Stoutland|Terrakion,Win,5,6,{'Swords Dance': 1 | 'Magnet Rise': 1 | 'Taunt': 2 | 'Knock Off': 5 | 'Play Rough': 3 | 'Light Screen': 1 | 'Flare Blitz': 1 | 'Poison Jab': 3 | 'Shadow Ball': 3 | 'Rock Blast': 4 | 'Thunder Wave': 1 | 'Ice Beam': 2 | 'Crunch': 1 | 'Focus Blast': 3 | 'Stone Edge': 1 | 'Grass Knot': 2 | 'Toxic': 1 | 'Protect': 1 | 'U-turn': 1 | 'V-create': 1 | 'Thunderbolt': 2 | 'Substitute': 1 | 'Mach Punch': 2 | 'Close Combat': 1},10,10,44,35,9,30,N/A
[Gen 7] RU,Blastoise|Espeon|Flygon|Galvantula|Metagross|Nidoqueen,Dhelmise|Florges-Orange|Linoone|Persian-Alola|Politoed|Poliwrath,Win,0,5,{'Taunt': 1 | 'Bug Buzz': 2 | 'Thunder': 3 | 'Rain Dance': 1 | 'Sticky Web': 4 | 'Rapid Spin': 3 | 'Hidden Power': 1 | 'Moonblast': 1 | 'Zen Headbutt': 3 | 'Stealth Rock': 1 | 'Earthquake': 1 | 'Belly Drum': 1 | 'Z-Belly Drum': 1 | 'Meteor Mash': 1},6,2,24,16,8,16,N/A
[Gen 7] Unrated Random Battle,Blaziken|Clefable|Lickilicky|Liepard|Vileplume,Ampharos|Ampharos-Mega|Haxorus|Ninetales|Reuniclus|Ribombee|Skuntank,Win,3,6,{'Stealth Rock': 1 | 'Volt Switch': 1 | 'Poison Jab': 3 | 'Taunt': 2 | 'Body Slam': 2 | 'Thunderbolt': 4 | 'Dragon Tail': 1 | 'Moonblast': 8 | 'Calm Mind': 3 | 'Psyshock': 6 | 'Soft-Boiled': 7 | 'Giga Drain': 1 | 'Dark Pulse': 2 | 'Swords Dance': 1 | 'Thunder Wave': 1 | 'Flare Blitz': 1 | 'High Jump Kick': 1 | 'Fire Blast': 4 | 'Earthquake': 1},3,6,50,35,15,33,N/A
[Gen 7] Unrated Random Battle,Braviary|Gengar|Gengar-Mega|Kecleon|Ludicolo|Virizion,Dialga|Galvantula|Garchomp|Gyarados|Meganium,Win,4,5,{'Bulk Up': 2 | 'Superpower': 1 | 'Thunderbolt': 1 | 'Return': 1 | 'Volt Switch': 1 | 'Dragon Dance': 1 | 'Drain Punch': 2 | 'Waterfall': 3 | 'Crunch': 2 | 'Giga Drain': 5 | 'Bug Buzz': 1 | 'Shadow Ball': 2 | 'Earthquake': 1 | 'Stone Edge': 1 | 'Dragon Claw': 4 | 'Calm Mind': 1 | 'Fire Blast': 1 | 'Sludge Wave': 3 | 'Light Screen': 1},7,4,34,29,5,23,N/A
[Gen 7] Random Battle,Absol|Lunala,Eelektross|Furret|Necrozma-Dusk-Mane|Venomoth|Virizion,Win,0,2,{'Moongeist Beam': 2 | 'Knock Off': 3 | 'Roost': 2 | 'Thunderbolt': 1 | 'Calm Mind': 1 | 'Sleep Powder': 1 | 'Psyshock': 1 | 'Swords Dance': 1 | 'Play Rough': 1},5,1,13,8,5,9,1195 → 1221(+26 for winning)
[Gen 7] Unrated Random Battle,Camerupt|Claydol|Cryogonal|Pyroar|Scizor|Toxapex,Aerodactyl|Aromatisse|Haxorus|Lapras|Scyther|Sharpedo,Loss,6,5,{'Swords Dance': 2 | 'Scald': 2 | 'Aerial Ace': 4 | 'Baneful Bunker': 1 | 'Bug Bite': 2 | 'Ancient Power': 1 | 'Waterfall': 2 | 'Earthquake': 1 | 'Bullet Punch': 1 | 'Fire Fang': 2 | 'Freeze-Dry': 6 | 'Recover': 4 | 'Moonblast': 7 | 'Toxic': 2 | 'Aromatherapy': 1 | 'Wish': 1 | 'Outrage': 1 | 'Hyper Voice': 2 | 'Hydro Pump': 1},12,0,43,32,11,24,N/A
[Gen 7] Unrated Random Battle,Cloyster|Klefki|Palkia|Steelix|Steelix-Mega,Celesteela,Win,2,0,{'Thunder Wave': 2 | 'Spikes': 3 | 'Heavy Slam': 1 | 'Fire Blast': 1 | 'Stealth Rock': 1 | 'Leech Seed': 1 | 'Air Slash': 1 | 'Dragon Tail': 1 | 'Double-Edge': 4},1,5,15,8,7,12,N/A
[Gen 7] Unrated Random Battle,Ampharos|Azumarill|Hippowdon|Kingdra|Mew|Slowbro,Azumarill|Noivern|Rotom|Spiritomb|Wobbuffet|Zapdos,Win,3,5,{'Calm Mind': 2 | 'Scald': 1 | 'Dark Pulse': 1 | 'Play Rough': 5 | 'Thunderbolt': 6 | 'Toxic': 2 | 'Will-O-Wisp': 2 | 'Nasty Plot': 4 | 'Taunt': 2 | 'Mirror Coat': 4 | 'Counter': 1 | 'Psyshock': 1 | 'Knock Off': 1 | 'Shadow Ball': 1 | 'Light Screen': 1 | 'Defog': 1 | 'Rain Dance': 1 | 'Waterfall': 1 | 'Outrage': 2 | 'Slack Off': 2},4,5,41,24,17,28,N/A
[Gen 7] Random Battle,Kricketune|Meloetta|Omastar|Reshiram,Aggron|Deoxys-Attack|Politoed|Seismitoad,Win,2,4,{'Perish Song': 1 | 'Scald': 4 | 'Sticky Web': 1 | 'Leech Life': 1 | 'Toxic': 1 | 'Shell Smash': 1 | 'Heavy Slam': 2 | 'Ice Beam': 1 | 'Earthquake': 2 | 'Relic Song': 1 | 'Knock Off': 1 | 'Return': 1},2,0,17,13,4,11,1325 → 1342(+17 for winning)
[Gen 7] Random Battle,Fini|Lilligant|Simipour|Vileplume,Escavalier|Suicune|Vileplume|Wormadam,Win,1,3,{'Quiver Dance': 3 | 'Bug Buzz': 2 | 'Sludge Bomb': 3 | 'Ice Beam': 1 | 'Hidden Power': 4},7,1,13,10,3,10,1388 → 1406(+18 for winning)
[Gen 7] Unrated Random Battle,Gligar|Magmortar|Mime|Pheromosa|Qwilfish,Cobalion|Naganadel|Noivern|Relicanth|Slowking|Tauros,Win,4,6,{'U-turn': 1 | 'Thunder Wave': 2 | 'Liquidation': 3 | 'Head Smash': 2 | 'Destiny Bond': 1 | 'Ice Beam': 1 | 'Nasty Plot': 2 | 'Fire Blast': 2 | 'Dazzling Gleam': 1 | 'Sludge Wave': 1 | 'Earthquake': 3 | 'Draco Meteor': 1 | 'Double-Edge': 1 | 'High Jump Kick': 1 | 'Bug Buzz': 1 | 'Scald': 1},6,2,24,19,5,17,N/A
[Gen 7] Unrated Random Battle,Archeops|Dodrio|Dragalge|Meloetta|Unown,Haxorus|Manaphy|Masquerain|Mew|Naganadel|Qwilfish,Win,4,6,{'Brave Bird': 2 | 'Tail Glow': 1 | 'Surf': 2 | 'Acrobatics': 3 | 'U-turn': 1 | 'Liquidation': 2 | 'Thunder Wave': 2 | 'Toxic Spikes': 1 | 'Nasty Plot': 1 | 'Shadow Ball': 3 | 'Aura Sphere': 2 | 'Dragon Pulse': 1 | 'Outrage': 3 | 'Psyshock': 3},8,2,27,22,5,20,N/A
[Gen 7] NU,Aerodactyl|Clawitzer|Mismagius|Tauros|Weezing|Whimsicott,Passimian|Piloswine|Pyroar|Slowking|Togedemaru|Vikavolt,Win,3,6,{'Scald': 2 | 'Stealth Rock': 1 | 'Dark Pulse': 1 | 'Nuzzle': 2 | 'Zing Zap': 6 | 'Will-O-Wisp': 1 | 'Defog': 1 | 'U-turn': 2 | 'Fire Blast': 1 | 'Hidden Power': 2 | 'Rock Slide': 2 | 'Body Slam': 2 | 'Knock Off': 3 | 'Close Combat': 3 | 'Shadow Ball': 3},8,6,32,29,3,27,N/A
[Gen 7] Random Battle,Barbaracle|Blastoise|Escavalier|Heatran|Musharna,Decidueye|Hawlucha|Moltres,Win,2,3,{'Substitute': 1 | 'Hurricane': 4 | 'Stealth Rock': 1 | 'Roar': 1 | 'Thousand Arrows': 2 | 'Dragon Dance': 1 | 'Megahorn': 1 | 'Knock Off': 2 | 'Swords Dance': 1 | 'Acrobatics': 1 | 'High Jump Kick': 1 | 'Ice Beam': 1 | 'Dark Pulse': 1 | 'Leaf Blade': 1 | 'Spirit Shackle': 1 | 'Flash Cannon': 1 | 'Supersonic Skystrike': 1 | 'Roost': 1 | 'Moonlight': 1 | 'Fire Blast': 1 | 'Thunder Wave': 1 | 'Psyshock': 1},3,3,27,19,8,17,1287 → 1316(+29 for winning)
[Gen 7] Unrated Random Battle,Garchomp|Lugia|Medicham|Medicham-Mega|Pachirisu|Rotom-Heat|Spiritomb,Cacturne|Dugtrio-Alola|Exeggutor-Alola|Mandibuzz|Reuniclus|Terrakion,Loss,6,5,{'Overheat': 2 | 'Stone Edge': 6 | 'Earthquake': 3 | 'Dragon Claw': 1 | 'Drain Punch': 1 | 'Swords Dance': 1 | 'Foul Play': 3 | 'Iron Head': 1 | 'Will-O-Wisp': 2 | 'Dark Pulse': 1 | 'Draco Meteor': 1 | 'Ice Punch': 7 | 'Shadow Ball': 6 | 'U-turn': 2 | 'Psyshock': 2 | 'Recover': 4 | 'Whirlwind': 1 | 'Nuzzle': 1 | 'Thunderbolt': 1 | 'Volt Switch': 2 | 'Roost': 1 | 'Fake Out': 1 | 'High Jump Kick': 1},11,4,51,42,9,35,N/A
[Gen 7] Random Battle,Aerodactyl|Aerodactyl-Mega|Corsola|Hydreigon|Jirachi|Linoone|Zygarde,Bastiodon|Honchkrow|Lilligant|Medicham|Medicham-Mega|Qwilfish|Sharpedo,Win,5,6,{'High Jump Kick': 5 | 'Aerial Ace': 3 | 'Rock Blast': 3 | 'Thousand Arrows': 2 | 'Destiny Bond': 1 | 'Fake Out': 1 | 'Earthquake': 1 | 'Sucker Punch': 3 | 'Roost': 1 | 'Protect': 3 | 'Superpower': 2 | 'Ice Beam': 1 | 'Fire Punch': 1 | 'Dragon Pulse': 1 | 'Extreme Speed': 2 | 'Belly Drum': 1 | 'Shadow Claw': 2 | 'Stomping Tantrum': 1},7,5,34,28,6,23,1338 → 1355(+17 for winning)
[Gen 7] Unrated Random Battle,Beheeyem|Garbodor|Golurk|Sawk|Stakataka|Vanilluxe,Amoonguss|Ditto|Espeon|Klinklang|Ludicolo|Lugia,Win,3,6,{'Shadow Ball': 2 | 'Trick Room': 1 | 'Signal Beam': 1 | 'Stone Edge': 4 | 'Stealth Rock': 1 | 'Giga Drain': 4 | 'Stun Spore': 1 | 'Blizzard': 1 | 'Autotomize': 1 | 'Return': 1 | 'Superpower': 1 | 'Scald': 2 | 'Gunk Shot': 3 | 'Toxic Spikes': 3 | 'Spikes': 2 | 'Psychic': 2 | 'Toxic': 1 | 'Shadow Punch': 2 | 'Roost': 1 | 'Ice Punch': 4},9,2,38,27,11,26,N/A
[Gen 7] Unrated Random Battle,Electrode|Froslass|Gengar|Gengar-Mega|Lycanroc-Dusk|Necrozma-Dusk-Mane|Serperior,Arceus-Electric|Carnivine|Feraligatr|Heracross|Heracross-Mega|Incineroar|Primeape,Win,4,6,{'Volt Switch': 4 | 'Pin Missile': 2 | 'Ice Beam': 1 | 'Flare Blitz': 2 | 'Stone Edge': 3 | 'Drill Run': 1 | 'Judgment': 1 | 'Sludge Wave': 3 | 'Earthquake': 3 | 'Substitute': 1 | 'Leaf Storm': 3 | 'Encore': 1 | 'Knock Off': 1 | 'Swords Dance': 1 | 'Sunsteel Strike': 1 | 'Liquidation': 2 | 'Protect': 1 | 'Disable': 1},9,11,32,27,5,24,N/A
[Gen 7] RU,Blastoise|Espeon|Flygon|Galvantula|Metagross|Nidoqueen,Blastoise|Machamp|Metagross|Ninetales|Tyrantrum|Venusaur,Win,2,5,{'Earthquake': 3 | 'Knock Off': 1 | 'Ice Beam': 1 | 'Thunder': 2 | 'Head Smash': 3 | 'Hidden Power': 1 | 'Stealth Rock': 1 | 'Dark Pulse': 2 | 'Zen Headbutt': 2 | 'Fire Blast': 2 | 'Psyshock': 1 | 'Meteor Mash': 1 | 'Giga Drain': 1 | 'Shadow Ball': 3},6,1,24,23,1,19,N/A
[Gen 7] Random Battle,Archeops|Barbaracle|Lucario|Luvdisc|Naganadel|Shaymin,Cacturne|Darmanitan|Regirock|Scrafty|Swampert,Win,3,2,{'Ice Beam': 1 | 'Seed Bomb': 1 | 'Ice Punch': 1 | 'Flare Blitz': 1 | 'Superpower': 2 | 'Acrobatics': 1 | 'Curse': 1 | 'Seed Flare': 3 | 'Rock Slide': 1 | 'Sludge Wave': 1 | 'Draco Meteor': 1 | 'Rain Dance': 1 | 'Waterfall': 1 | 'Psychic': 1 | 'Knock Off': 1 | 'High Jump Kick': 1},4,5,19,17,2,15,N/A
[Gen 7] Random Battle,Crabominable,Camerupt|Cloyster,Win,0,1,{'Close Combat': 1},0,0,1,1,0,1,1346 → 1363(+17 for winning)
[Gen 7] Unrated Random Battle,Celesteela|Galvantula|Hoopa|Regigigas|Regirock|Sceptile,Beheeyem|Blissey|Breloom|Dhelmise|Mandibuzz|Marshadow,Win,1,4,{'Shadow Ball': 2 | 'Foul Play': 1 | 'Taunt': 1 | 'Stone Edge': 3 | 'Bullet Seed': 1 | 'Outrage': 2 | 'Brave Bird': 2 | 'Volt Switch': 2 | 'Drain Punch': 1 | 'Thunder Wave': 1 | 'Bulk Up': 1 | 'Air Slash': 1 | 'Thunderbolt': 1 | 'Roost': 3 | 'Thunder': 2},6,7,24,18,6,21,N/A
[Gen 7] Random Battle,Minior|Skuntank,Volcarona,Loss,1,0,{'Quiver Dance': 1 | 'Poison Jab': 3 | 'Fiery Dance': 2 | 'Roost': 1 | 'Giga Drain': 1 | 'Power Gem': 1},1,0,9,7,2,6,1384 → 1367(-17 for losing)
[Gen 7] NU,Ambipom|Clawitzer|Hitmonlee|Mismagius|Piloswine|Rotom,Ferroseed|Incineroar|Miltank|Pangoro|Sceptile|Silvally-*,Win,3,3,{'Substitute': 2 | 'Shadow Ball': 2 | 'Bullet Punch': 3 | 'Mystical Fire': 3 | 'Volt Switch': 2 | 'Stealth Rock': 3 | 'Flame Charge': 1 | 'Power Trip': 1 | 'Scald': 1 | 'Toxic': 3 | 'Trick': 1 | 'Spikes': 2 | 'Defog': 2 | 'Earthquake': 1 | 'Ice Shard': 1 | 'Gyro Ball': 1 | 'Aura Sphere': 3 | 'Giga Drain': 3 | 'Fake Out': 1 | 'Knock Off': 3 | 'Parting Shot': 3 | 'U-turn': 4 | 'Bulk Up': 1 | 'Focus Blast': 1 | 'Swords Dance': 1 | 'Leech Seed': 1},6,9,50,31,19,40,1052 → 1080(+28 for winning)
[Gen 7] UU,Krookodile|Lucario|Manectric|Moltres|Muk-Alola|Suicune,Aggron|Latias|Nidoking|Rotom-Heat|Scizor|Starmie,Win,2,3,{'Volt Switch': 4 | 'Stealth Rock': 1 | 'Fire Blast': 2 | 'Psyshock': 1 | 'U-turn': 1 | 'Pursuit': 2 | 'Superpower': 1 | 'Flamethrower': 2 | 'Calm Mind': 1 | 'Devastating Drake': 1 | 'Knock Off': 1 | 'Will-O-Wisp': 1 | 'Scald': 5 | 'Earthquake': 2 | 'Bullet Punch': 1},4,7,26,23,3,18,1053 → 1089(+36 for winning)
[Gen 7] Random Battle,Charizard|Hitmonchan|Palkia|Steelix|Toucannon,Chesnaught|Lugia|Null|Regirock|Samurott|Tornadus,Win,2,6,{'Acrobatics': 2 | 'Return': 3 | 'Heat Wave': 2 | 'Stealth Rock': 1 | 'Defog': 1 | 'Dragon Tail': 3 | 'Thunder Wave': 3 | 'Substitute': 1 | 'Psychic': 3 | 'Roost': 1 | 'Whirlwind': 1 | 'Hydro Pump': 2 | 'Drain Punch': 9 | 'Fire Blast': 1 | 'Stone Edge': 1 | 'Bulk Up': 1 | 'Spiky Shield': 3 | 'Fire Punch': 2 | 'Liquidation': 1 | 'Aqua Jet': 1},5,3,42,30,12,28,N/A
[Gen 7] Random Battle,Dunsparce|Hawlucha|Lanturn|Milotic|Palossand|Zekrom,Barbaracle|Kyurem-Black|Sableye|Scizor|Shuckle|Vaporeon,Loss,6,5,{'Stealth Rock': 1 | 'Encore': 1 | 'Toxic': 1 | 'Scald': 7 | 'Infestation': 1 | 'Knock Off': 1 | 'Body Slam': 3 | 'Headbutt': 2 | 'Heal Bell': 1 | 'Roost': 1 | 'Calm Mind': 2 | 'Shadow Ball': 2 | 'Outrage': 2 | 'Swords Dance': 1 | 'Volt Switch': 3 | 'Bug Bite': 1 | 'Bullet Punch': 1 | 'Cross Chop': 1 | 'Stone Edge': 1 | 'Protect': 1 | 'Liquidation': 2 | 'Acrobatics': 1 | 'Ice Beam': 2 | 'High Jump Kick': 1},9,4,40,31,9,25,N/A
[Gen 7] Unrated Random Battle,Absol|Absol-Mega|Chandelure|Hoopa|Lele|Pangoro|Sudowoodo,Illumise|Lugia|Mismagius|Tauros|Volcanion|Yanmega,Win,5,6,{'Knock Off': 5 | 'U-turn': 1 | 'Double-Edge': 3 | 'Substitute': 2 | 'Shadow Ball': 3 | 'Steam Eruption': 3 | 'Psyshock': 2 | 'Earthquake': 1 | 'Air Slash': 1 | 'Ancient Power': 1 | 'Protect': 2 | 'Head Smash': 3 | 'Sucker Punch': 3 | 'Pain Split': 1 | 'Stealth Rock': 1},5,0,32,26,6,23,N/A
[Gen 7] Unrated Random Battle,Articuno|Lunala|Rampardos|Venomoth,Electrode|Floette-Eternal|Genesect|Golurk|Magnezone|Uxie,Win,1,4,{'U-turn': 2 | 'Head Smash': 1 | 'Earthquake': 1 | 'Hidden Power': 1 | 'Taunt': 3 | 'Volt Switch': 5 | 'Bug Buzz': 1 | 'Psychic': 2 | 'Substitute': 1 | 'Hurricane': 1 | 'Roost': 3 | 'Freeze-Dry': 1 | 'Stealth Rock': 1 | 'Moongeist Beam': 5 | 'Calm Mind': 2 | 'Psyshock': 1 | 'Shift Gear': 1 | 'Iron Head': 1 | 'Moonblast': 4},4,4,37,26,11,22,N/A
[Gen 7] Unrated Random Battle,Avalugg|Decidueye|Galvantula|Hoopa|Mesprit|Swampert,Chimecho|Dodrio|Gallade|Klefki|Kyurem|Vikavolt,Loss,4,6,{'Psychic': 1 | 'Shadow Ball': 2 | 'Psyshock': 2 | 'Thunder Wave': 1 | 'U-turn': 1 | 'Reflect': 1 | 'Earthquake': 3 | 'Foul Play': 1 | 'Supersonic Skystrike': 1 | 'Knock Off': 1 | 'Ice Beam': 4 | 'Roost': 10 | 'Brave Bird': 2 | 'Avalanche': 8 | 'Close Combat': 1 | 'Outrage': 5 | 'Recover': 2 | 'Thunderbolt': 1 | 'Spirit Shackle': 1 | 'Hidden Power': 2 | 'Bug Buzz': 1 | 'Thunder': 3},8,5,54,40,14,31,N/A
[Gen 7] PU,Dedenne|Fearow|Lanturn|Masquerain|Pinsir|Silvally-*,Absol|Kabutops|Misdreavus|Omastar|Poliwrath|Shiinotic,Win,3,6,{'Rain Dance': 2 | 'Toxic': 1 | 'Memento': 1 | 'Volt Switch': 3 | 'Knock Off': 2 | 'Liquidation': 1 | 'Sticky Web': 1 | 'Aqua Jet': 1 | 'Stone Edge': 1 | 'Z-Me First': 1 | 'Encore': 1 | 'Earthquake': 1 | 'Bulk Up': 2 | 'Waterfall': 5 | 'Substitute': 3 | 'Discharge': 1 | 'Drill Peck': 4 | 'Drill Run': 2 | 'Shell Smash': 1 | 'Leech Seed': 1},8,2,35,22,13,21,1048 → 1083(+35 for winning)
[Gen 7] PU,Absol|Claydol|Gurdurr|Lopunny|Masquerain|Silvally-*,Articuno|Froslass|Gorebyss|Kabutops|Omastar|Spiritomb,Win,0,6,{'Rain Dance': 1 | 'Knock Off': 5 | 'Sucker Punch': 1 | 'Bulk Up': 2 | 'Shell Smash': 1 | 'Drain Punch': 6 | 'Signal Beam': 1 | 'Mach Punch': 7 | 'Stealth Rock': 1 | 'Ice Punch': 1 | 'Nasty Plot': 1 | 'Shadow Ball': 1 | 'Hail': 2 | 'Roost': 4 | 'Substitute': 3},4,1,37,22,15,20,1040 → 1070(+30 for winning)
[Gen 7] PU,Absol|Claydol|Gurdurr|Lopunny|Masquerain|Silvally-*,Kabutops|Magmar|Manectric|Sableye|Skuntank|Vigoroth,Win,0,6,{'Will-O-Wisp': 1 | 'Knock Off': 3 | 'Recover': 2 | 'Bulk Up': 1 | 'Taunt': 1 | 'Return': 1 | 'Drain Punch': 4 | 'Fire Blast': 1 | 'Stone Edge': 1 | 'Thunderbolt': 1 | 'Explosion': 1},2,1,17,12,5,9,N/A
[Gen 7] Unrated Random Battle,Exeggutor-Alola|Hitmonchan|Lapras|Naganadel,Dodrio|Empoleon|Galvantula|Leafeon|Weavile|Weezing,Win,2,6,{'Ice Beam': 3 | 'Substitute': 1 | 'Toxic': 1 | 'Thunderbolt': 2 | 'Scald': 1 | 'Leaf Blade': 2 | 'Knock Off': 3 | 'Hydro Pump': 1 | 'Icicle Crash': 1 | 'Drain Punch': 2 | 'Ice Punch': 2 | 'Quick Attack': 1 | 'Fire Punch': 1 | 'Sludge Bomb': 1 | 'Nasty Plot': 1 | 'Fire Blast': 1 | 'Protect': 1 | 'Dragon Pulse': 2 | 'Sludge Wave': 1},9,4,28,24,4,17,N/A
[Gen 7] Random Battle,Braviary|Chesnaught|Marshadow|Ninetales-Alola|Wishiwashi,Guzzlord|Hawlucha|Muk-Alola|Rapidash|Torterra|Xurkitree,Win,3,6,{'Blizzard': 1 | 'Gigavolt Havoc': 1 | 'Close Combat': 3 | 'Swords Dance': 1 | 'Stone Edge': 1 | 'Brave Bird': 1 | 'Flare Blitz': 4 | 'Leech Seed': 1 | 'Spiky Shield': 1 | 'Drain Punch': 3 | 'Fire Blast': 2 | 'Spectral Thief': 2 | 'Bulk Up': 1 | 'Rock Polish': 1 | 'Wood Hammer': 1 | 'Soul-Stealing 7-Star Strike': 1 | 'Poison Jab': 1},8,2,26,21,5,18,N/A
[Gen 7] Unrated Random Battle,Druddigon|Exeggutor|Hitmonchan|Manaphy,Excadrill|Hydreigon|Lunala|Pikachu-Kalos|Rhyperior|Victreebel,Win,2,6,{'Hidden Power': 2 | 'Giga Drain': 3 | 'Knock Off': 1 | 'Psychic': 1 | 'Dark Pulse': 1 | 'Ice Beam': 1 | 'Draco Meteor': 1 | 'Mach Punch': 1 | 'Psyshock': 1 | 'Moongeist Beam': 1 | 'Glare': 1 | 'Sucker Punch': 1 | 'Outrage': 1 | 'Iron Head': 1 | 'Earthquake': 2 | 'Drain Punch': 1},9,1,20,19,1,14,N/A
[Gen 7] Unrated Random Battle,Gourgeist|Jellicent|Kingler|Victini|Zygarde-10%,Aegislash|Blacephalon|Diggersby|Raikou|Shiinotic|Volcanion,Win,3,6,{'Shadow Sneak': 2 | 'Mind Blown': 1 | 'V-create': 2 | 'Wild Charge': 2 | 'Liquidation': 1 | 'Knock Off': 1 | 'Iron Head': 1 | 'Thousand Arrows': 4 | 'Steam Eruption': 1 | 'Aura Sphere': 1 | 'Thunderbolt': 1},11,1,17,17,0,12,N/A
[Gen 7] PU,Absol|Claydol|Gurdurr|Lopunny|Masquerain|Silvally-*,Kadabra|Masquerain|Meowstic|Pinsir|Primeape|Pyukumuku,Win,3,5,{'Icy Wind': 1 | 'Air Slash': 1 | 'Sticky Web': 1 | 'U-turn': 1 | 'Thunderbolt': 4 | 'Parting Shot': 1 | 'Breakneck Blitz': 1 | 'Thunder Wave': 1 | 'Splash': 2 | 'Reflect': 1 | 'Last Resort': 6 | 'Recover': 4 | 'Toxic': 4 | 'Shadow Ball': 2 | 'Earthquake': 2 | 'Night Slash': 1},6,1,33,19,14,21,1121 → 1149(+28 for winning)
[Gen 7] Unrated Random Battle,Hitmonlee|Pyroar|Rampardos,Breloom|Carracosta|Dhelmise|Mewtwo,Loss,2,0,{'Bullet Seed': 1 | 'Fire Blast': 3 | 'Liquidation': 1 | 'High Jump Kick': 1 | 'Sunny Day': 1 | 'Calm Mind': 1 | 'Recover': 1},3,1,9,6,3,8,N/A
[Gen 7] Unrated Random Battle,Aurorus|Lunala|Moltres|Rhyperior,Furfrou|Kyogre|Kyogre-Primal|Medicham|Ribombee,Win,1,1,{'Substitute': 2 | 'Supersonic Skystrike': 1 | 'Thunder Wave': 1 | 'Fire Blast': 1 | 'Calm Mind': 3 | 'Dragon Tail': 1 | 'Rock Polish': 1 | 'Stone Edge': 1 | 'Scald': 1 | 'Psyshock': 3 | 'Sucker Punch': 1 | 'Return': 3 | 'Stealth Rock': 1 | 'Fake Out': 1 | 'High Jump Kick': 1 | 'Thunder Punch': 1 | 'Bug Buzz': 2 | 'Moonblast': 2 | 'Roost': 1},1,1,28,19,9,21,N/A
[Gen 7] Unrated Random Battle,Azelf|Diancie|Pelipper|Seismitoad,Cobalion|Genesect-Douse|Incineroar|Kingler|Landorus-Therian|Lunatone,Win,3,6,{'Iron Head': 1 | 'Earthquake': 3 | 'Close Combat': 1 | 'Scald': 4 | 'Earth Power': 1 | 'Darkest Lariat': 1 | 'Liquidation': 2 | 'Hurricane': 1 | 'Psyshock': 2 | 'Fire Blast': 1 | 'Supersonic Skystrike': 1 | 'Fly': 2 | 'Reflect': 1 | 'Moonblast': 2},8,4,23,22,1,14,N/A
[Gen 7] Unrated Random Battle,Dodrio|Hoopa-Unbound|Jumpluff|Lucario|Naganadel,Darkrai|Greninja|Heracross|Magcargo|Swellow|Tauros,Win,3,6,{'Swords Dance': 2 | 'Double-Edge': 2 | 'Acrobatics': 1 | 'Return': 1 | 'Ancient Power': 1 | 'Close Combat': 2 | 'Fire Blast': 3 | 'Dark Pulse': 2 | 'Drain Punch': 7 | 'Focus Blast': 1},9,1,22,20,2,15,N/A
[Gen 7] Random Battle,Jolteon|Kyurem-Black|Rayquaza,Incineroar|Throh|Thundurus|Volcarona,Win,1,4,{'Fake Out': 1 | 'Earthquake': 3 | 'Knock Off': 1 | 'Hidden Power': 1 | 'Nasty Plot': 1 | 'Ice Beam': 2 | 'Flare Blitz': 1 | 'Draco Meteor': 1 | 'Bulk Up': 1 | 'Dragon Claw': 1 | 'Storm Throw': 1 | 'Quiver Dance': 1 | 'Fusion Bolt': 1 | 'Fire Blast': 1 | 'Outrage': 1},3,2,18,15,3,12,1295 → 1322(+27 for winning)
[Gen 7] Random Battle,Crobat|Liepard|Mime|Talonflame|Torterra|Uxie,Darmanitan|Dialga|Gallade|Incineroar|Staraptor,Loss,6,5,{'Knock Off': 2 | 'Close Combat': 2 | 'U-turn': 3 | 'Brave Bird': 3 | 'Fake Out': 2 | 'Toxic': 1 | 'Flare Blitz': 4 | 'Thunder Wave': 1 | 'Quick Attack': 2 | 'Wood Hammer': 1 | 'Rock Slide': 2 | 'Copycat': 1 | 'Flash Cannon': 1 | 'Swords Dance': 1 | 'Draco Meteor': 2 | 'Psyshock': 1 | 'Focus Blast': 1},7,3,30,26,4,19,N/A
[Gen 7] Random Battle,Drampa|Hitmontop|Lugia|Registeel|Smeargle|Xurkitree,Bewear|Gallade|Lugia|Zapdos|Zeraora,Win,4,5,{'Thunderbolt': 1 | 'Spore': 1 | 'Stealth Rock': 1 | 'Work Up': 2 | 'Knock Off': 2 | 'Toxic': 3 | 'Protect': 6 | 'Plasma Fists': 3 | 'Substitute': 2 | 'Iron Head': 1 | 'Roost': 1 | 'Psychic': 5 | 'Whirlwind': 1 | 'Hyper Voice': 4 | 'Hidden Power': 6 | 'Double-Edge': 2 | 'Close Combat': 1 | 'Zen Headbutt': 1},4,1,43,26,17,26,N/A
[Gen 7] PU,Absol|Claydol|Gurdurr|Lopunny|Masquerain|Silvally-*,Ditto|Golem-Alola|Golurk|Omastar|Roselia|Spiritomb,Win,0,3,{'Shadow Ball': 1 | 'Parting Shot': 2 | 'Sticky Web': 1 | 'Toxic': 3 | 'Pursuit': 1 | 'Icy Wind': 1 | 'Bug Buzz': 1 | 'Leech Seed': 1 | 'Protect': 1 | 'Psycho Cut': 1 | 'Superpower': 1 | 'Knock Off': 3 | 'Will-O-Wisp': 1 | 'Sucker Punch': 2 | 'Shell Smash': 1 | 'Drain Punch': 1},4,2,22,12,10,14,1000 → 1048(+48 for winning)
[Gen 7] Random Battle,Gliscor|Mesprit|Minun,Bisharp|Conkeldurr|Sceptile,Win,1,2,{'Giga Drain': 1 | 'Signal Beam': 2 | 'Outrage': 1 | 'Sucker Punch': 1 | 'Encore': 1 | 'Thunderbolt': 2 | 'Knock Off': 1 | 'Drain Punch': 1 | 'Earthquake': 1},2,0,11,10,1,7,N/A
[Gen 7] NU,Braviary|Exeggutor-Alola|Pangoro|Rotom|Seismitoad|Weezing,Audino|Cinccino|Klinklang|Mismagius|Slowking|Xatu,Win,0,1,{'Volt Switch': 3 | 'U-turn': 1 | 'Scald': 1 | 'Brave Bird': 2 | 'Toxic': 3 | 'Protect': 1 | 'Wish': 2 | 'Sludge Bomb': 2 | 'Toxic Spikes': 1 | 'Heal Bell': 1 | 'Defog': 1 | 'Psychic': 1 | 'Rock Blast': 1},2,1,20,11,9,17,N/A
[Gen 7] RU,Golisopod|Lycanroc-Dusk|Machamp|Rotom-Mow|Swellow|Yanmega,Araquanid|Chatot|Machamp|Pyukumuku|Rotom-Fan|Tsareena,Win,2,6,{'Volt Switch': 2 | 'Knock Off': 2 | 'Razor Shell': 1 | 'Power Whip': 2 | 'U-turn': 1 | 'Boomburst': 2 | 'Toxic': 1 | 'Pain Split': 1 | 'Trick': 1 | 'Light Screen': 1 | 'Stone Edge': 1 | 'Dynamic Punch': 1 | 'Air Slash': 1 | 'Endure': 3 | 'Giga Drain': 2 | 'Reflect': 3 | 'Bug Buzz': 1 | 'Heat Wave': 1 | 'its Weakness Policy!': 1 | 'Accelerock': 2 | 'Splintered Stormshards': 1 | 'Brick Break': 1 | 'Ice Punch': 1},8,2,32,22,10,23,N/A
[Gen 7] Unrated Random Battle,Gyarados|Tsareena|Zangoose,Samurott|Terrakion|Weavile,Win,0,0,{'Icicle Crash': 1 | 'U-turn': 1 | 'Quick Attack': 1 | 'Close Combat': 1 | 'Waterfall': 1 | 'Substitute': 1 | 'Liquidation': 2 | 'Dragon Dance': 1},1,5,9,7,2,7,N/A
[Gen 7] Random Battle,Gallade|Heracross|Toucannon|Xurkitree,Amoonguss|Buzzwole|Chatot|Cofagrigus|Ludicolo|Zapdos,Win,3,6,{'Return': 4 | 'Roost': 3 | 'Hidden Power': 2 | 'Stun Spore': 1 | 'Giga Drain': 2 | 'Swords Dance': 2 | 'Clear Smog': 1 | 'Heat Wave': 1 | 'Boomburst': 1 | 'Poison Jab': 2 | 'Megahorn': 2 | 'Knock Off': 3 | 'Close Combat': 2 | 'Superpower': 1 | 'Leech Life': 1 | 'Dazzling Gleam': 1},5,6,29,23,6,21,1150 → 1171(+21 for winning)
[Gen 7] Random Battle,Fini|Hypno|Kingler|Marshadow|Noivern|Togedemaru,Nidoking|Pachirisu|Scolipede|Swellow|Tauros|Tyranitar,Win,5,6,{'Toxic': 1 | 'Psychic': 2 | 'U-turn': 4 | 'Dragon Dance': 1 | 'Close Combat': 3 | 'Brave Bird': 3 | 'Spiky Shield': 4 | 'Wish': 1 | 'Substitute': 1 | 'Earth Power': 1 | 'Draco Meteor': 2 | 'Facade': 3 | 'Rock Slide': 1 | 'Swords Dance': 1 | 'Megahorn': 1 | 'Liquidation': 1 | 'Poison Jab': 1 | 'Shadow Sneak': 1 | 'Zen Headbutt': 2 | 'Hydro Pump': 1},5,5,35,26,9,25,1327 → 1348(+21 for winning)
[Gen 7] Unrated Random Battle,Dugtrio-Alola|Magmortar|Mantine|Toxapex,Medicham|Medicham-Mega|Mudsdale|Pelipper|Torkoal|Uxie,Win,1,3,{'Yawn': 3 | 'U-turn': 3 | 'Stealth Rock': 2 | 'Defog': 2 | 'Rock Slide': 4 | 'Scald': 5 | 'Roost': 2 | 'Fake Out': 1 | 'Baneful Bunker': 1 | 'Toxic Spikes': 1 | 'Psychic': 3 | 'Fire Blast': 1 | 'Knock Off': 1 | 'Thunder Punch': 1 | 'Substitute': 2 | 'Iron Head': 8 | 'Sucker Punch': 2 | 'Heal Bell': 2 | 'Earthquake': 2},9,10,46,31,15,32,N/A
[Gen 7] Random Battle,Garbodor|Musharna|Noivern|Poliwrath,Empoleon|Scolipede|Seismitoad|Tyrantrum|Volcarona|Wigglytuff,Win,2,6,{'Draco Meteor': 3 | 'U-turn': 2 | 'Grass Knot': 2 | 'Focus Blast': 1 | 'Dazzling Gleam': 1 | 'Spikes': 1 | 'Scald': 2 | 'Moonlight': 3 | 'Hyper Voice': 5 | 'Gunk Shot': 1 | 'Earthquake': 2 | 'Fiery Dance': 1 | 'Hidden Power': 1 | 'Giga Drain': 1 | 'Bug Buzz': 1 | 'Roost': 1 | 'Hydro Pump': 2 | 'Calm Mind': 6 | 'Wish': 3 | 'Psyshock': 4 | 'Megahorn': 1},6,6,44,30,14,29,1310 → 1327(+17 for winning)
[Gen 7] PU,Dedenne|Fearow|Lanturn|Masquerain|Pinsir|Silvally-*,Aurorus|Lycanroc|Mesprit|Munchlax|Sandslash-Alola|Scyther,Loss,6,4,{'U-turn': 1 | 'Volt Switch': 1 | 'Stealth Rock': 1 | 'Sticky Web': 1 | 'Psychic': 1 | 'Icy Wind': 1 | 'Bug Buzz': 2 | 'Swords Dance': 2 | 'Substitute': 3 | 'Drill Run': 2 | 'Accelerock': 1 | 'Shadow Ball': 3 | 'Defog': 1 | 'Blizzard': 1 | 'Parting Shot': 1 | 'Focus Energy': 1 | 'Curse': 1 | 'Drill Peck': 2 | 'Body Slam': 1 | 'Freeze-Dry': 6 | 'Discharge': 1 | 'Scald': 1 | 'Iron Head': 2},7,0,37,26,11,25,1083 → 1067(-16 for losing)
[Gen 7] Random Battle,Armaldo|Nihilego|Palkia|Pikachu-Sinnoh|Tsareena,Bronzong|Kyurem-Black|Luxray|Passimian|Yveltal,Win,3,5,{'Iron Head': 2 | 'Toxic': 1 | 'Dragon Tail': 1 | 'Will-O-Wisp': 1 | 'Hydro Pump': 3 | 'Light Screen': 1 | 'X-Scissor': 1 | 'Gyro Ball': 1 | 'Knock Off': 3 | 'Stealth Rock': 2 | 'Ice Fang': 2 | 'Wild Charge': 1 | 'Facade': 1 | 'Hidden Power': 1 | 'Volt Tackle': 1 | 'Earthquake': 2 | 'Sludge Wave': 1 | 'Power Gem': 3 | 'Fusion Bolt': 1 | 'Dark Pulse': 1},10,2,30,25,5,20,1251 → 1271(+20 for winning)
[Gen 7] Unrated Random Battle,Beautifly|Kyogre|Lilligant|Slowbro|Togedemaru|Volcanion,Articuno|Azelf|Entei|Fearow|Greninja|Raikou,Win,5,5,{'Thunderbolt': 2 | 'Quiver Dance': 3 | 'Bug Buzz': 1 | 'Aura Sphere': 3 | 'Zing Zap': 1 | 'Spiky Shield': 1 | 'Extrasensory': 3 | 'Sleep Powder': 2 | 'Hidden Power': 1 | 'Flare Blitz': 2 | 'Double-Edge': 1 | 'Thunder': 1 | 'Freeze-Dry': 2 | 'Steam Eruption': 3 | 'Toxic': 1 | 'Roost': 2 | 'Fire Blast': 1 | 'Earth Power': 1 | 'Psyshock': 2 | 'Calm Mind': 2 | 'Dark Pulse': 1 | 'Scald': 2 | 'Hydro Vortex': 1},11,5,39,28,11,24,N/A
[Gen 7] Random Battle,Froslass|Passimian|Raikou|Serperior|Ursaring,Bruxish|Jirachi|Jolteon|Sudowoodo|Weezing|Zekrom,Win,3,6,{'Facade': 1 | 'Stealth Rock': 1 | 'Sucker Punch': 1 | 'Close Combat': 1 | 'Crunch': 1 | 'Liquidation': 1 | 'Leaf Storm': 1 | 'Sludge Bomb': 2 | 'Shadow Ball': 4 | 'Spikes': 1 | 'Nasty Plot': 1 | 'Dark Pulse': 3 | 'Wish': 1 | 'Earthquake': 1},4,5,20,16,4,13,N/A
[Gen 7] Unrated Random Battle,Chandelure|Floette-Eternal|Gardevoir|Heliolisk|Kommo-o|Null,Audino|Audino-Mega|Darkrai|Donphan|Gengar|Granbull|Kommo-o,Win,3,6,{'Dazzling Gleam': 2 | 'Return': 3 | 'Poison Jab': 3 | 'Moonblast': 2 | 'Sludge Wave': 1 | 'Focus Blast': 3 | 'Rest': 1 | 'Disable': 1 | 'Sleep Talk': 2 | 'Psychic': 1 | 'Fire Blast': 6 | 'Substitute': 2 | 'Dark Pulse': 3 | 'Thunder Wave': 1 | 'Thunderbolt': 1 | 'Earthquake': 1 | 'Ice Shard': 2 | 'Clangorous Soulblaze': 1 | 'Dragon Dance': 1 | 'Clanging Scales': 1 | 'Hyper Voice': 1},14,4,39,31,8,27,N/A
[Gen 7] Unrated Random Battle,Garbodor|Metagross|Mienshao|Phione|Venusaur|Xurkitree,Aerodactyl|Araquanid|Barbaracle|Chesnaught|Kommo-o|Raticate-Alola,Win,5,6,{'Ice Beam': 2 | 'Dragon Dance': 1 | 'Clangorous Soulblaze': 1 | 'Clanging Scales': 1 | 'Close Combat': 1 | 'Zen Headbutt': 1 | 'Sucker Punch': 2 | 'Swords Dance': 1 | 'Toxic Spikes': 1 | 'Double-Edge': 2 | 'High Jump Kick': 1 | 'Earthquake': 1 | 'Volt Switch': 1 | 'Fire Fang': 1 | 'Sludge Bomb': 6 | 'Hidden Power': 3 | 'Leech Seed': 1 | 'Drain Punch': 2 | 'Synthesis': 8 | 'Mirror Coat': 1 | 'Leech Life': 7 | 'Knock Off': 1 | 'Shell Smash': 1 | 'Cross Chop': 1 | 'Liquidation': 3},10,9,51,38,13,29,N/A
[Gen 7] RU,Golisopod|Lycanroc-Dusk|Machamp|Rotom-Mow|Swellow|Yanmega,Kingdra|Salazzle|Slurpuff|Swellow|Umbreon|Uxie,Win,0,1,{'Magic Coat': 2 | 'Volt Switch': 3 | 'First Impression': 1 | 'Reflect': 1 | 'Light Screen': 1 | 'Razor Shell': 1 | 'Thunder Wave': 2 | 'Spikes': 1 | 'Trick': 1 | 'Toxic': 2},1,0,15,5,10,10,N/A
[Gen 7] Random Battle,Exploud|Ho-Oh|Infernape|Liepard,Aegislash|Machamp|Pyroar,Win,2,3,{'All-Out Pummeling': 1 | 'Dynamic Punch': 2 | 'Boomburst': 4 | 'Swords Dance': 1 | 'Sacred Sword': 1 | 'Fire Blast': 1 | 'Dark Pulse': 1},1,2,11,10,1,8,1465 → 1489(+24 for winning)
[Gen 7] Unrated Random Battle,Hoopa-Unbound|Leavanny|Nidoking|Scyther|Virizion,Castform|Deoxys|Diancie|Heracross|Nihilego|Sceptile,Win,2,6,{'X-Scissor': 1 | 'Megahorn': 1 | 'Earthquake': 1 | 'Swords Dance': 2 | 'Close Combat': 1 | 'Bug Bite': 1 | 'Diamond Storm': 1 | 'Giga Drain': 4 | 'Moonblast': 2 | 'Calm Mind': 1 | 'Light Screen': 1 | 'Substitute': 3 | 'Outrage': 3 | 'Focus Blast': 1 | 'Psycho Boost': 1 | 'Stealth Rock': 1 | 'Knock Off': 3 | 'Z-Rain Dance': 1 | 'Hydro Pump': 2 | 'Dark Pulse': 2 | 'Sludge Wave': 1 | 'Zen Headbutt': 1},7,6,35,27,8,22,N/A
[Gen 7] Unrated Random Battle,Blacephalon|Pachirisu|Qwilfish|Stakataka|Volcanion,Ambipom|Blaziken|Floatzel|Garchomp|Spiritomb|Talonflame,Win,3,6,{'Thunderbolt': 1 | 'Swords Dance': 3 | 'High Jump Kick': 2 | 'Toxic': 1 | 'Shadow Sneak': 1 | 'Taunt': 1 | 'Dark Pulse': 2 | 'Destiny Bond': 1 | 'Fake Out': 1 | 'Fire Blast': 2 | 'U-turn': 2 | 'Roost': 1 | 'Flare Blitz': 1 | 'Stone Edge': 1 | 'Trick Room': 1 | 'Earthquake': 3 | 'Steam Eruption': 1 | 'Sludge Wave': 3 | 'Explosion': 1 | 'Substitute': 1 | 'Aqua Jet': 1},3,4,31,22,9,19,N/A
[Gen 7] RU,Blastoise|Espeon|Flygon|Galvantula|Metagross|Nidoqueen,Araquanid|Arcanine|Blastoise|Florges|Rotom-Mow|Zygarde-10%,Win,4,6,{'Thousand Arrows': 2 | 'Hidden Power': 1 | 'Dark Pulse': 5 | 'Discharge': 1 | 'Dragon Dance': 1 | 'Earthquake': 2 | 'Dazzling Gleam': 1 | 'Fire Punch': 1 | 'Outrage': 1 | 'Leech Life': 1 | 'Psyshock': 3 | 'Bug Buzz': 1 | 'Extreme Speed': 1 | 'Zen Headbutt': 2 | 'Flare Blitz': 2 | 'Thunder': 1},6,1,26,25,1,20,1051 → 1080(+29 for winning)
[Gen 7] Unrated Random Battle,Arcanine|Azelf|Dragonite|Politoed,Escavalier|Guzzlord|Hypno|Moltres|Tauros|Tornadus-Therian,Win,3,6,{'Scald': 4 | 'Knock Off': 1 | 'Iron Head': 1 | 'Hurricane': 2 | 'Extreme Speed': 1 | 'Flare Blitz': 1 | 'Supersonic Skystrike': 1 | 'Psyshock': 2 | 'Body Slam': 3 | 'Rock Slide': 1 | 'Dragon Dance': 1 | 'Roost': 1 | 'Outrage': 5 | 'Foul Play': 1},2,2,25,23,2,17,N/A
[Gen 7] Unrated Random Battle,Blaziken|Bruxish|Gengar|Klinklang|Plusle,Aegislash|Ditto|Drampa|Hoopa-Unbound|Infernape|Metagross,Win,4,6,{'Nasty Plot': 3 | 'Hidden Power': 6 | 'Earthquake': 1 | 'Thunderbolt': 1 | 'Gear Grind': 1 | 'Swords Dance': 1 | 'Knock Off': 1 | 'High Jump Kick': 5 | 'Sludge Wave': 1},4,4,20,16,4,15,N/A
[Gen 7] Unrated Random Battle,Kyurem-White|Omastar|Raichu,Aegislash|Armaldo|Gligar|Guzzlord|Kingler|Machamp,Win,1,5,{'Shell Smash': 1 | 'Ice Beam': 2 | 'Earth Power': 1 | 'Scald': 2 | 'Dynamic Punch': 1 | 'Hammer Arm': 1 | 'Swords Dance': 4 | 'Encore': 1 | 'Nasty Plot': 1 | 'Thunderbolt': 3 | 'Stone Edge': 1},4,0,18,11,7,14,N/A
[Gen 7] RU,Araquanid|Cloyster|Donphan|Jolteon|Pangoro|Salazzle,Blastoise|Cinccino|Lycanroc-Dusk|Mismagius|Typhlosion|Venusaur,Win,2,6,{'Thunderbolt': 4 | 'Volt Switch': 2 | 'Growth': 2 | 'Substitute': 4 | 'Toxic': 2 | 'Dark Pulse': 4 | 'Venoshock': 1 | 'Rock Blast': 2 | 'Bullet Seed': 2 | 'Giga Drain': 2 | 'Leech Life': 1 | 'Fire Blast': 1 | 'Focus Blast': 1 | 'Liquidation': 2 | 'Bloom Doom': 1 | 'Shadow Ball': 1 | 'Shell Smash': 1 | 'Icicle Spear': 1},13,7,34,25,9,24,1110 → 1130(+20 for winning)
[Gen 7] Unrated Random Battle,Escavalier|Lele|Pyroar,Dhelmise|Espeon|Regice|Sawk|Stoutland,Win,2,5,{'Knock Off': 2 | 'Thunder Wave': 1 | 'Ice Beam': 2 | 'Swords Dance': 1 | 'Iron Head': 2 | 'Superpower': 2 | 'Close Combat': 1 | 'Poison Jab': 1 | 'Psyshock': 1 | 'Moonblast': 1 | 'Shadow Ball': 1 | 'Fire Blast': 3 | 'Substitute': 1 | 'Hyper Voice': 1},7,2,20,17,3,14,N/A
[Gen 7] Unrated Random Battle,Ho-Oh|Kangaskhan|Klefki|Mimikyu|Mimikyu-Busted|Politoed,Bastiodon|Buzzwole|Hawlucha|Honchkrow|Qwilfish|Reuniclus,Win,4,6,{'Toxic Spikes': 1 | 'Thunder Wave': 1 | 'Liquidation': 5 | 'Foul Play': 2 | 'Substitute': 2 | 'Destiny Bond': 2 | 'Flame Charge': 2 | 'Sacred Fire': 2 | 'Stone Edge': 3 | 'Earthquake': 2 | 'Roar': 1 | 'Protect': 3 | 'Hydro Pump': 2 | 'Shell Smash': 2 | 'Icicle Spear': 2 | 'High Jump Kick': 2 | 'Scald': 1 | 'Roost': 1 | 'Play Rough': 2 | 'Taunt': 1 | 'Shadow Claw': 3 | 'Rock Blast': 1 | "Let's Snuggle Forever": 1 | 'Stealth Rock': 2 | 'Brave Bird': 1 | 'Fake Out': 1 | 'Superpower': 1},7,5,49,33,16,31,N/A
[Gen 7] Unrated Random Battle,Mew|Pikachu-Original|Tornadus,Exeggutor-Alola|Florges|Gastrodon|Kecleon|Togekiss|Venusaur,Win,1,6,{'Volt Tackle': 3 | 'Stealth Rock': 2 | 'Sludge Bomb': 1 | 'Leech Seed': 2 | 'Roost': 1 | 'Sleep Powder': 1 | 'Supersonic Skystrike': 1 | 'U-turn': 1 | 'Earthquake': 2 | 'Grass Knot': 1 | 'Iron Tail': 1 | 'Hidden Power': 1},5,0,17,11,6,13,N/A
[Gen 7] Unrated Random Battle,Hawlucha|Hitmonlee|Purugly|Slowbro,Audino|Azumarill|Celebi|Scrafty|Wishiwashi,Win,1,3,{'Fake Out': 3 | 'U-turn': 3 | 'Hydro Pump': 1 | 'Dragon Dance': 1 | 'Drain Punch': 1 | 'High Jump Kick': 2 | 'Aqua Jet': 4 | 'Calm Mind': 2 | 'Scald': 1 | 'Toxic': 2 | 'Heal Bell': 2 | 'Psyshock': 2 | 'Hyper Voice': 1 | 'Fire Blast': 1 | 'Acrobatics': 4 | 'Nasty Plot': 1},3,3,31,23,8,22,N/A
[Gen 7] Random Battle,Marshadow|Shuckle,Pheromosa|Raichu-Alola|Serperior,Win,1,2,{'Ice Punch': 2 | 'Leaf Storm': 1 | 'Ice Beam': 1 | 'High Jump Kick': 3 | 'Stealth Rock': 1 | 'Infestation': 1 | 'Shadow Sneak': 2},2,1,11,10,1,8,1363 → 1384(+21 for winning)
[Gen 7] NU,Braviary|Exeggutor-Alola|Pangoro|Rotom|Seismitoad|Weezing,Braviary|Clawitzer|Delphox|Hitmonlee|Togedemaru|Vaporeon,Win,1,4,{'Shadow Ball': 1 | 'Toxic': 1 | 'Spiky Shield': 1 | 'Zing Zap': 1 | 'Will-O-Wisp': 2 | 'Toxic Spikes': 2 | 'Calm Mind': 1 | 'Psychic': 2 | 'Earthquake': 3 | 'Wish': 1 | 'Fake Out': 1 | 'Zen Headbutt': 2 | 'Bulk Up': 3 | 'Volt Switch': 5 | 'U-turn': 1 | 'Sky Attack': 2 | 'Haze': 1 | 'Knock Off': 2 | 'Aura Sphere': 1 | 'Rapid Spin': 2},8,1,35,23,12,24,1000 → 1044(+44 for winning)
[Gen 7] Random Battle,Clefable|Lumineon|Mudsdale,Gothitelle|Kingler|Koko|Krookodile|Mantine|Xerneas,Win,1,6,{'Thunderbolt': 2 | 'U-turn': 3 | 'Stealth Rock': 1 | 'Scald': 2 | 'Toxic': 3 | 'Ice Beam': 3 | 'Liquidation': 1 | 'Defog': 1 | 'Rock Slide': 1 | 'Air Slash': 2 | 'Calm Mind': 3 | 'Hidden Power': 1 | 'Moonblast': 6 | 'Shadow Ball': 1 | 'Thunder Wave': 1 | 'Psyshock': 1 | 'Earthquake': 5},0,5,37,28,9,23,1074 → 1105(+31 for winning)
[Gen 7] Random Battle,Empoleon|Giratina-Origin|Hariyama|Mew|Noivern|Smeargle,Crustle|Magmortar|Mesprit|Moltres|Swellow,Win,5,6,{'Spore': 1 | 'Stealth Rock': 1 | 'Facade': 3 | 'Whirlwind': 2 | 'Thunderbolt': 2 | 'Dazzling Gleam': 2 | 'Earthquake': 2 | 'U-turn': 1 | 'Psyshock': 3 | 'Taunt': 1 | 'Nasty Plot': 1 | 'Signal Beam': 2 | 'Aura Sphere': 1 | 'Calm Mind': 2 | 'Toxic': 2 | 'Roar': 1 | 'Bullet Punch': 2 | 'Brave Bird': 1 | 'Scald': 3 | 'Hurricane': 1 | 'Ice Beam': 2 | 'Fire Blast': 1 | 'Draco Meteor': 1},8,6,38,27,11,28,N/A
[Gen 7] NU,Aerodactyl|Clawitzer|Mismagius|Tauros|Weezing|Whimsicott,Clawitzer|Comfey|Mismagius|Scrafty|Sigilyph|Steelix,Win,0,2,{'Psychic': 1 | 'Dark Pulse': 1 | 'Aura Sphere': 1 | 'Thunder Punch': 2 | 'Toxic Spikes': 1 | 'Knock Off': 1 | 'Will-O-Wisp': 2 | 'High Jump Kick': 1 | 'Sludge Bomb': 1 | 'Stealth Rock': 1 | 'Stone Edge': 1 | 'Earthquake': 1 | 'Body Slam': 1 | 'Zen Headbutt': 1 | 'Nasty Plot': 1},3,1,17,12,5,12,1081 → 1111(+30 for winning)
[Gen 7] Unrated Random Battle,Blacephalon|Pikachu-Sinnoh,Gyarados|Sunflora|Toxapex,Win,0,2,{'Sunny Day': 1 | 'Inferno Overdrive': 1 | 'Baneful Bunker': 2 | 'Shadow Ball': 5 | 'Toxic Spikes': 1 | 'Calm Mind': 1},0,1,11,6,5,8,N/A
[Gen 7] Unrated Random Battle,Crobat|Magmortar|Slowbro|Tangrowth|Toucannon,Golem-Alola|Moltres,Loss,2,1,{'Bullet Seed': 1 | 'Stone Edge': 1 | 'U-turn': 1 | 'Fire Blast': 2 | 'Supersonic Skystrike': 1 | 'Hurricane': 2 | 'Substitute': 1},6,1,9,8,1,7,N/A
[Gen 7] Unrated Random Battle,Donphan|Gallade|Incineroar|Kabutops|Pidgeot|Tyranitar,Aggron|Aggron-Mega|Bellossom|Fini|Giratina-Origin|Nidoking|Seismitoad,Loss,6,4,{'Liquidation': 2 | 'Stealth Rock': 2 | 'Return': 2 | 'Scald': 1 | 'U-turn': 1 | 'Heavy Slam': 2 | 'Will-O-Wisp': 1 | 'Knock Off': 5 | 'Moonblast': 1 | 'Rapid Spin': 1 | 'Z-Sleep Powder': 1 | 'Quiver Dance': 1 | 'Hidden Power': 1 | 'Flare Blitz': 1 | 'Earthquake': 3 | 'Shadow Ball': 2 | 'Toxic': 1 | 'Ice Shard': 1 | 'Ice Beam': 2 | 'Earth Power': 1 | 'Superpower': 1 | 'Dragon Dance': 1},15,3,34,28,6,26,N/A
[Gen 7] Random Battle,Girafarig,Samurott,Win,0,0,{'Thunderbolt': 1 | 'Nasty Plot': 1 | 'Megahorn': 1},2,0,3,2,1,3,1367 → 1388(+21 for winning)
[Gen 7] Unrated Random Battle,Accelgor|Chimecho|Latias|Porygon2,Cofagrigus|Hitmonlee|Pikachu-Alola|Rayquaza|Tangrowth|Wigglytuff,Win,1,2,{'Protect': 3 | 'Yawn': 5 | 'Volt Switch': 2 | 'Recover': 4 | 'Hyper Voice': 1 | 'Psychic': 3 | 'Knock Off': 1 | 'Wish': 1 | 'Shadow Ball': 1 | 'Thunderbolt': 1 | 'High Jump Kick': 1 | 'Psyshock': 2 | 'Calm Mind': 1 | 'Dragon Pulse': 1 | 'Outrage': 1 | 'Hidden Power': 1 | 'Stone Edge': 1 | 'Leech Seed': 1 | 'Spikes': 1 | 'Pain Split': 1},4,1,33,16,17,24,N/A
[Gen 7] NU,Braviary|Exeggutor-Alola|Pangoro|Rotom|Seismitoad|Weezing,Aromatisse|Scrafty|Slowking|Steelix|Vileplume|Xatu,Win,1,2,{'Volt Switch': 2 | 'Stealth Rock': 3 | 'U-turn': 1 | 'Dragon Tail': 3 | 'Substitute': 1 | 'Flamethrower': 1 | 'Knock Off': 2 | 'Sleep Powder': 3 | 'Superpower': 1 | 'Trick Room': 2 | 'Scald': 4 | 'Toxic': 2 | 'Protect': 1 | 'Light Screen': 1 | 'Reflect': 1 | 'Trick': 1 | 'Defog': 1 | 'Bulk Up': 3 | 'Haze': 1 | 'Sludge Bomb': 2 | 'Toxic Spikes': 2 | 'Giga Drain': 1},4,1,39,17,22,29,1116 → 1149(+33 for winning)
[Gen 7] NU,Aerodactyl|Clawitzer|Mismagius|Tauros|Weezing|Whimsicott,Klinklang|Palossand|Vikavolt|Vileplume|Whimsicott|Xatu,Win,1,3,{'Toxic': 1 | 'Dark Pulse': 3 | 'U-turn': 1 | 'Sludge Bomb': 5 | 'Toxic Spikes': 2 | 'Shift Gear': 1 | 'Will-O-Wisp': 3 | 'Return': 1 | 'Haze': 1 | 'Giga Drain': 1 | 'Zen Headbutt': 1 | 'Earth Power': 1 | 'Shadow Ball': 2},5,3,23,15,8,14,N/A
[Gen 7] Random Battle,Castform|Chandelure|Cinccino|Gyarados|Gyarados-Mega|Rayquaza,Beautifly|Gallade|Hitmonlee|Kartana|Palkia|Sharpedo,Win,4,6,{'Bug Buzz': 1 | 'Subzero Slammer': 1 | 'Sacred Sword': 1 | 'V-create': 2 | 'Ice Fang': 1 | 'Dragon Dance': 1 | 'Fake Out': 1 | 'Waterfall': 2 | 'Crunch': 3 | 'Dragon Tail': 1 | 'Fire Blast': 2 | 'Toxic Spikes': 1 | 'Tail Slap': 1 | 'Knock Off': 2 | 'Earthquake': 1 | 'Bulk Up': 1 | 'Close Combat': 1 | 'Outrage': 1},7,3,24,21,3,18,N/A
[Gen 7] Random Battle,Aromatisse|Bastiodon|Crawdaunt|Landorus|Pangoro|Rhyperior,Chandelure|Escavalier|Maractus|Pheromosa|Staraptor,Win,2,5,{'Substitute': 1 | 'Stealth Rock': 1 | 'Calm Mind': 1 | 'Rock Blast': 3 | 'Fire Blast': 2 | 'Protect': 1 | 'High Jump Kick': 2 | 'Aqua Jet': 1 | 'Spikes': 3 | 'Toxic': 1 | 'Wish': 1 | 'Sludge Wave': 1 | 'Leech Seed': 2 | 'Drain Punch': 1 | 'Brave Bird': 1 | 'Close Combat': 1 | 'its Weakness Policy!': 1 | 'Rock Polish': 1 | 'Stone Edge': 1 | 'Earthquake': 1},13,0,26,14,12,17,1277 → 1306(+29 for winning)
[Gen 7] Unrated Random Battle,Aromatisse|Magmortar|Null|Suicune|Volcarona,Clawitzer|Leafeon|Porygon-Z|Slurpuff|Tornadus,Win,3,4,{'Tri Attack': 2 | 'Fire Blast': 3 | 'Acrobatics': 4 | 'Bulk Up': 2 | 'Return': 2 | 'Superpower': 1 | 'Scald': 1 | 'Moonblast': 1 | 'Swords Dance': 1 | 'Reflect': 1 | 'Leaf Blade': 1 | 'Quiver Dance': 1 | 'Bug Buzz': 2 | 'Water Pulse': 1},2,0,23,18,5,15,N/A
[Gen 7] Unrated Random Battle,Articuno|Giratina-Origin|Tentacruel,Exeggutor|Feraligatr|Salamence|Tangrowth|Typhlosion,Win,1,5,{'Ice Beam': 5 | 'Fire Blast': 8 | 'Dragon Tail': 4 | 'Stealth Rock': 1 | 'Draco Meteor': 2 | 'Roost': 1 | 'Rapid Spin': 1 | 'Acid Spray': 1 | 'Earthquake': 3 | 'Hurricane': 2 | 'Crunch': 1 | 'Dragon Dance': 1 | 'Shadow Ball': 1},7,5,31,28,3,21,N/A
[Gen 7] Unrated Random Battle,Gligar|Heatran|Sawsbuck|Swellow|Torterra,Bronzong|Carbink|Greninja|Manaphy|Nidoking|Weezing,Win,4,6,{'Toxic Spikes': 2 | 'Lava Plume': 3 | 'Tail Glow': 1 | 'Horn Leech': 1 | 'Ice Beam': 2 | 'Brave Bird': 1 | 'Power Gem': 2 | 'Toxic': 3 | 'Stealth Rock': 1 | 'Will-O-Wisp': 1 | 'Earth Power': 1 | 'Facade': 5 | 'Gyro Ball': 1 | 'Spikes': 1 | 'Sludge Bomb': 1 | 'Light Screen': 1 | 'Moonblast': 2 | 'Roost': 2 | 'Trick Room': 1 | 'Explosion': 2},3,4,34,21,13,27,N/A
[Gen 7] Unrated Random Battle,Absol|Aromatisse|Pheromosa|Pikachu|Sceptile|Simipour,Blacephalon|Exeggutor-Alola|Noctowl|Slurpuff|Solgaleo|Starmie,Loss,6,4,{'Hurricane': 4 | 'Moonblast': 4 | 'Roost': 1 | 'Night Shade': 2 | 'Volt Switch': 1 | 'Ice Beam': 1 | 'Psyshock': 1 | 'Substitute': 1 | 'Swords Dance': 2 | 'Outrage': 2 | 'Belly Drum': 1 | 'Play Rough': 3 | 'Hydro Pump': 1 | 'Return': 1 | 'Sucker Punch': 2 | 'Giga Drain': 1 | 'Protect': 1 | 'Sunsteel Strike': 2 | 'Knock Off': 1 | 'Inferno Overdrive': 1},5,3,33,27,6,25,N/A
[Gen 7] Unrated Random Battle,Butterfree|Kingdra|Malamar|Mantine|Mew,Gallade|Ho-Oh|Latias|Latias-Mega|Sableye|Stantler|Typhlosion,Win,3,6,{'Sacred Fire': 1 | 'Scald': 1 | 'Calm Mind': 1 | 'Toxic': 2 | 'Dragon Pulse': 1 | 'Roost': 2 | 'Double-Edge': 3 | 'Stealth Rock': 1 | 'Bug Buzz': 1 | 'Ice Punch': 3 | 'Dragon Dance': 1 | 'Waterfall': 3 | 'Foul Play': 1 | 'Taunt': 1 | 'Z-Happy Hour': 1 | 'Knock Off': 2 | 'Superpower': 2 | 'Fire Blast': 1 | 'Psycho Cut': 1},2,2,29,21,8,19,N/A
[Gen 7] Unrated Random Battle,Aurorus|Blaziken|Gigalith|Serperior|Wailord,Absol|Corsola|Gardevoir|Gardevoir-Mega|Haxorus|Kingler|Mismagius,Win,4,6,{'Liquidation': 2 | 'Leaf Storm': 3 | 'Sucker Punch': 1 | 'Knock Off': 4 | 'Superpower': 1 | 'Focus Blast': 3 | 'Explosion': 1 | 'Protect': 1 | 'Thunderbolt': 1 | 'Taunt': 1 | 'Stone Edge': 1 | 'Outrage': 2 | 'Hyper Voice': 1 | 'Ice Beam': 1},7,2,23,21,2,15,N/A
[Gen 7] Unrated Random Battle,Barbaracle|Crustle|Tangrowth,Camerupt|Dodrio|Torterra,Win,1,2,{'Stealth Rock': 1 | 'Ancient Power': 2 | 'Spikes': 1 | 'Liquidation': 3 | 'Jump Kick': 1 | 'Earthquake': 1},4,1,9,7,2,7,N/A
[Gen 7] Unrated Random Battle,Barbaracle|Gastrodon|Roserade|Serperior|Venomoth,Blastoise|Bouffalant|Conkeldurr|Krookodile|Skuntank|Toxapex,Win,3,6,{'Fire Blast': 2 | 'Quiver Dance': 1 | 'Sucker Punch': 2 | 'Sleep Powder': 1 | 'Bug Buzz': 4 | 'Scald': 1 | 'Baneful Bunker': 1 | 'Sludge Bomb': 2 | 'Knock Off': 1 | 'Earthquake': 2 | 'Ice Beam': 8 | 'Leaf Storm': 2 | 'Giga Drain': 1 | 'Crunch': 1 | 'Shell Smash': 1 | 'Liquidation': 2},7,3,32,28,4,24,N/A
[Gen 7] Random Battle,Celebi,Exeggutor|Scizor,Win,0,1,{'Thunder Wave': 1 | 'Substitute': 1 | 'Hidden Power': 3 | 'Sleep Powder': 1},3,0,6,3,3,4,1171 → 1195(+24 for winning)
[Gen 7] RU,Blastoise|Espeon|Flygon|Galvantula|Metagross|Nidoqueen,Charizard|Druddigon|Leafeon|Lilligant|Regirock|Uxie,Win,1,3,{'Sunny Day': 2 | 'Explosion': 1 | 'Flamethrower': 1 | 'Thunder': 1 | 'Psychic': 1 | 'Trick': 1 | 'Swords Dance': 1 | 'Bug Buzz': 1},3,2,9,5,4,8,N/A
[Gen 7] Unrated Random Battle,Arcanine|Armaldo|Giratina-Origin|Kabutops|Latios|Tauros,Alomomola|Arbok|Diancie|Magmortar|Marshadow|Mimikyu,Win,2,5,{'Protect': 3 | 'Knock Off': 4 | 'Swords Dance': 4 | 'Scald': 1 | 'Stone Edge': 1 | 'Close Combat': 1 | 'Zen Headbutt': 3 | 'Draco Meteor': 1 | 'Psyshock': 2 | 'Spectral Thief': 1 | 'Toxic': 1 | 'Focus Blast': 4 | 'Morning Sun': 2 | 'Will-O-Wisp': 3 | 'Earth Power': 1 | 'Earthquake': 1 | "Let's Snuggle Forever": 1 | 'Play Rough': 4 | 'Roar': 2 | 'Flare Blitz': 2 | 'Rock Tomb': 2 | 'Shadow Ball': 1},4,4,45,30,15,31,N/A
[Gen 7] Unrated Random Battle,Heatmor|Krookodile|Omastar|Weavile|Xatu,Aromatisse|Darmanitan|Empoleon|Mew|Porygon2|Walrein,Win,4,6,{'Knock Off': 7 | 'Will-O-Wisp': 1 | 'Stealth Rock': 2 | 'Heat Wave': 3 | 'Ice Beam': 2 | 'Superpower': 1 | 'Rock Slide': 1 | 'Earthquake': 2 | 'Surf': 1 | 'Wish': 1 | 'Shell Smash': 1 | 'Moonblast': 2 | 'Scald': 3 | 'Earth Power': 1 | 'Thunderbolt': 1 | 'Recover': 1 | 'Swords Dance': 1 | 'Tri Attack': 1},7,1,32,25,7,22,N/A
[Gen 7] Unrated Random Battle,Cryogonal|Excadrill|Marshadow|Phione|Ribombee,Alomomola|Cresselia|Gourgeist|Kingdra|Necrozma-Dusk-Mane|Ninetales-Alola,Win,3,6,{'Aurora Veil': 1 | 'Substitute': 3 | 'Rain Dance': 2 | 'Freeze-Dry': 8 | 'Scald': 5 | 'Rest': 3 | 'Seed Bomb': 1 | 'Ice Beam': 11 | 'Toxic': 2 | 'Recover': 7 | 'Wish': 7 | 'Knock Off': 7 | 'Calm Mind': 2 | 'Psyshock': 2 | 'Hidden Power': 1 | 'Swords Dance': 1 | 'Earthquake': 3 | 'Searing Sunraze Smash': 1 | 'Shadow Sneak': 4 | 'Close Combat': 2 | 'Moonblast': 1},15,8,74,46,28,45,N/A
[Gen 7] PU,Dedenne|Fearow|Lanturn|Masquerain|Pinsir|Silvally-*,Fletchinder|Frogadier|Honedge|Phantump,Win,0,2,{'Volt Switch': 1 | 'Shadow Ball': 3 | 'Flamethrower': 1},1,1,5,5,0,4,1043 → 1072(+29 for winning)
[Gen 7] Random Battle,Clawitzer|Garchomp|Garchomp-Mega|Guzzlord|Rotom-Fan|Starmie|Talonflame,Barbaracle|Cherrim|Lycanroc|Pheromosa|Weavile,Loss,6,4,{'Scald': 1 | 'Swords Dance': 2 | 'Recover': 1 | 'Knock Off': 1 | 'Ice Shard': 1 | 'Flare Blitz': 1 | 'Accelerock': 1 | 'Ice Beam': 1 | 'High Jump Kick': 1 | 'Water Pulse': 1 | 'Shell Smash': 1 | 'Stone Edge': 2 | 'Earthquake': 3 | 'Draco Meteor': 1 | 'Liquidation': 1 | 'Drill Run': 1 | 'Energy Ball': 2},7,1,22,18,4,16,1342 → 1323(-19 for losing)
[Gen 7] Unrated Random Battle,Simipour|Toxicroak|Venomoth,Buzzwole|Landorus-Therian|Mawile|Regirock,Win,0,0,{'Sleep Powder': 1 | 'Stone Edge': 1 | 'Drain Punch': 1 | 'Swords Dance': 1 | 'Ice Beam': 1},0,2,5,3,2,6,N/A
[Gen 7] Unrated Random Battle,Araquanid|Exeggutor-Alola|Jirachi|Maractus,Charizard|Charizard-Mega-Y|Dusknoir|Gastrodon|Rotom-Mow|Vanilluxe|Xurkitree,Win,0,3,{'Blizzard': 2 | 'Body Slam': 1 | 'Hidden Power': 2 | 'Spikes': 1 | 'Ice Punch': 2 | 'Fire Blast': 3 | 'Sticky Web': 1 | 'Thunderbolt': 1 | 'Dazzling Gleam': 1 | 'Trick Room': 1 | 'Draco Meteor': 1 | 'Shadow Sneak': 2 | 'Will-O-Wisp': 1 | 'Liquidation': 4 | 'Pain Split': 1 | 'Leech Life': 1 | 'Toxic': 1 | 'Ice Beam': 1},7,5,27,21,6,20,N/A
[Gen 7] Unrated Random Battle,Diggersby|Ditto|Galvantula|Hariyama|Klefki,Alomomola|Durant|Fini|Ho-Oh|Komala|Togedemaru,Win,2,6,{'Thunder Wave': 2 | 'Earthquake': 2 | 'Calm Mind': 2 | 'Light Screen': 1 | 'Ice Beam': 2 | 'Reflect': 1 | 'Scald': 2 | 'Thunder': 7 | 'Play Rough': 1 | 'Close Combat': 4 | 'Wish': 2 | 'Zing Zap': 3 | 'Nuzzle': 1 | 'Return': 1 | 'Protect': 1},5,11,32,23,9,25,N/A
[Gen 7] Unrated Random Battle,Blissey|Lilligant|Lunala|Pinsir|Vivillon|Zapdos,Bewear|Carbink|Gligar|Kommo-o|Naganadel|Torterra,Win,3,6,{'Fire Blast': 2 | 'Seismic Toss': 2 | 'Stealth Rock': 1 | 'Swords Dance': 1 | 'U-turn': 2 | 'Ice Punch': 1 | 'Return': 1 | 'Quick Attack': 1 | 'Roost': 4 | 'Hidden Power': 4 | 'Toxic': 1 | 'Power Gem': 2 | 'Thunderbolt': 1 | 'Light Screen': 1 | 'Reflect': 1 | 'Stone Edge': 2 | 'Moongeist Beam': 3 | 'Psyshock': 1 | 'Clangorous Soulblaze': 1 | 'Poison Jab': 2 | 'Clanging Scales': 2 | 'Sleep Powder': 1 | 'Quiver Dance': 1 | 'Petal Dance': 2},11,5,40,29,11,26,N/A
[Gen 7] Random Battle,Celesteela|Electivire|Incineroar|Moltres,Audino|Hoopa|Koko|Medicham|Shedinja|Terrakion,Win,2,6,{'Toxic': 2 | 'Fire Blast': 2 | 'Wish': 1 | 'Heal Bell': 2 | 'Light Screen': 1 | 'Autotomize': 1 | 'Earthquake': 2 | 'Stone Edge': 1 | 'Air Slash': 3 | 'Fake Out': 1 | 'Shadow Ball': 1 | 'Flare Blitz': 4 | 'Double-Edge': 1 | 'Thunderbolt': 1 | 'Flamethrower': 4 | 'Will-O-Wisp': 1 | 'Brave Bird': 2},5,4,30,22,8,21,1627 → 1648(+21 for winning)
[Gen 7] Unrated Random Battle,Furret|Heracross|Houndoom|Scizor|Scizor-Mega,Blastoise|Heracross|Jirachi|Raikou|Stantler|Zekrom,Win,2,6,{'Substitute': 1 | 'Swords Dance': 3 | 'Bullet Punch': 2 | 'Close Combat': 2 | 'Fire Punch': 1 | 'Fire Blast': 4 | 'Calm Mind': 1 | 'Aura Sphere': 1 | 'Earthquake': 1 | 'U-turn': 1 | 'Bug Bite': 1 | 'Dragon Tail': 1 | 'Thunderbolt': 1 | 'Draco Meteor': 1 | 'Volt Switch': 1 | 'Bolt Strike': 2},4,2,24,19,5,16,N/A
[Gen 7] Unrated Random Battle,Cradily|Entei|Marowak-Alola|Scyther|Vaporeon,Blissey|Jolteon|Keldeo|Mienshao,Win,1,3,{'Toxic': 1 | 'Stealth Rock': 1 | 'Flamethrower': 1 | 'Sacred Fire': 1 | 'Calm Mind': 1 | 'Secret Sword': 2 | 'Aerial Ace': 1 | 'Volt Switch': 1 | 'Shadow Bone': 1 | 'Scald': 4 | 'Protect': 1 | 'Swords Dance': 1 | 'Stone Edge': 2},1,3,18,13,5,13,N/A
[Gen 7] NU,Aerodactyl|Clawitzer|Mismagius|Tauros|Weezing|Whimsicott,Blastoise|Decidueye|Druddigon|Slowking|Togedemaru|Weezing,Win,5,6,{'Body Slam': 1 | 'Glare': 1 | 'Stealth Rock': 1 | 'Defog': 1 | 'Giga Drain': 1 | 'Brave Bird': 1 | 'Shadow Sneak': 1 | 'Shadow Ball': 3 | 'Aqua Jet': 1 | 'Zen Headbutt': 2 | 'Dark Pulse': 2 | 'Nuzzle': 2 | 'Zing Zap': 4 | 'Toxic Spikes': 1 | 'Will-O-Wisp': 2 | 'Iron Head': 1 | 'Sludge Wave': 3 | 'Z-Hone Claws': 1 | 'Stone Edge': 3 | 'Scald': 1},4,4,33,27,6,22,1119 → 1147(+28 for winning)
[Gen 7] Unrated Random Battle,Blaziken|Cresselia|Fini|Gogoat|Scizor|Torterra,Butterfree|Cinccino|Golisopod|Kabutops|Kyurem-Black|Zygarde,Win,3,6,{'Swords Dance': 2 | 'Wood Hammer': 1 | 'Liquidation': 2 | 'Earthquake': 1 | 'Flare Blitz': 1 | 'Moonblast': 6 | 'Fusion Bolt': 2 | 'First Impression': 1 | 'Outrage': 1 | 'Leech Life': 2 | 'Tail Slap': 3 | 'Bug Bite': 2 | 'Dragon Dance': 1 | 'Knock Off': 1 | 'Thousand Arrows': 1 | 'Bullet Punch': 2 | 'Horn Leech': 1},6,5,30,27,3,22,N/A
[Gen 7] Unrated Random Battle,Ambipom|Barbaracle|Dragonite|Jirachi|Oranguru,Blissey|Hoopa|Kabutops|Lunatone|Mantine|Weavile,Win,1,6,{'Calm Mind': 1 | 'Substitute': 1 | 'Body Slam': 1 | 'Scald': 2 | 'Iron Head': 2 | 'Knock Off': 2 | 'Thunderbolt': 1 | 'U-turn': 1 | 'Focus Blast': 1 | 'Dragon Dance': 1 | 'Outrage': 6 | 'Power Gem': 1},4,2,20,17,3,17,N/A
[Gen 7] Random Battle,Bisharp|Emboar|Heatran|Ribombee,Barbaracle|Latias|Latias-Mega|Mantine|Musharna|Volcarona,Win,3,6,{'Quiver Dance': 5 | 'Hidden Power': 1 | 'Roar': 2 | 'Superpower': 1 | 'Inferno Overdrive': 1 | 'Shell Smash': 2 | 'Stealth Rock': 1 | 'Bug Buzz': 3 | 'Flare Blitz': 3 | 'Grass Knot': 1 | 'Calm Mind': 2 | 'Surf': 2 | 'Knock Off': 5 | 'Roost': 3 | 'Moonblast': 1 | 'Psyshock': 2},6,2,35,20,15,22,N/A
[Gen 7] Unrated Random Battle,Carnivine|Kyogre|Qwilfish|Scrafty,Accelgor|Excadrill|Galvantula|Gourgeist-Super|Regirock,Win,2,4,{'Sticky Web': 1 | 'Knock Off': 7 | 'Volt Switch': 1 | 'Return': 1 | 'Bug Buzz': 2 | 'Toxic Spikes': 2 | 'Bulk Up': 3 | 'Yawn': 1 | 'Giga Drain': 1 | 'Will-O-Wisp': 1 | 'Leech Seed': 1 | 'Seed Bomb': 2 | 'Earthquake': 2 | 'Liquidation': 2 | 'Curse': 2},8,1,29,18,11,17,N/A
[Gen 7] Unrated Random Battle,Jellicent|Machamp|Pikachu-Alola|Whimsicott,Basculin-Blue-Striped|Celesteela|Charizard|Charizard-Mega-Y|Ludicolo|Porygon-Z|Rhyperior,Win,1,5,{'Scald': 8 | 'Dynamic Punch': 1 | 'U-turn': 2 | 'Volt Tackle': 2 | 'Liquidation': 2 | 'Shadow Ball': 1 | 'Thunderbolt': 2 | 'Tri Attack': 1 | 'Recover': 4 | 'Air Slash': 2 | 'Fire Blast': 1 | 'Roost': 1 | 'Giga Drain': 3 | 'Moonblast': 2 | 'Stone Edge': 1 | 'Knock Off': 2 | 'Grass Knot': 1},7,8,36,31,5,27,N/A
[Gen 7] Unrated Random Battle,Kyogre|Moltres|Pinsir|Pinsir-Mega|Rotom|Stoutland|Victini,Articuno|Barbaracle|Fearow|Kartana|Sceptile|Starmie,Win,4,4,{'Double-Edge': 2 | 'Will-O-Wisp': 2 | 'Swords Dance': 3 | 'Shadow Ball': 2 | 'Outrage': 2 | 'Quick Attack': 2 | 'Earthquake': 1 | 'Shell Smash': 1 | 'Stone Edge': 2 | 'Thunder': 1 | 'Knock Off': 2 | 'Leaf Blade': 1 | 'Scald': 1 | 'V-create': 1 | 'Pursuit': 3 | 'Hydro Pump': 1},5,1,27,21,6,19,N/A
[Gen 7] Unrated Random Battle,Entei|Gligar|Politoed|Serperior|Vikavolt,Bewear|Durant|Hippowdon|Incineroar|Kricketune|Raichu-Alola,Win,2,6,{'Endeavor': 3 | 'Stealth Rock': 1 | 'U-turn': 3 | 'Sticky Web': 1 | 'Sacred Fire': 2 | 'Stone Edge': 1 | 'Toxic': 2 | 'Scald': 3 | 'Slack Off': 2 | 'Rest': 1 | 'Thunderbolt': 1 | 'Encore': 1 | 'Hammer Arm': 1 | 'Fake Out': 1 | 'Earthquake': 3 | 'Knock Off': 1 | 'Extreme Speed': 1 | 'Surf': 1 | 'Leaf Storm': 2},7,3,31,23,8,20,N/A
[Gen 7] Random Battle,Ambipom|Spiritomb|Whiscash|Xurkitree,Aerodactyl|Mantine|Meloetta|Sylveon,Win,1,1,{'Calm Mind': 1 | 'Earthquake': 2 | 'Hyper Voice': 1 | 'Scald': 1 | 'Stone Edge': 2 | 'Volt Switch': 1 | 'Knock Off': 1 | 'Will-O-Wisp': 1 | 'Toxic': 1},2,0,11,8,3,10,1406 → 1427(+21 for winning)
[Gen 7] UU,Krookodile|Lucario|Manectric|Moltres|Muk-Alola|Suicune,Bisharp|Emboar|Feraligatr|Gallade|Gogoat|Luxray,Win,0,1,{'Shattered Psyche': 1 | 'Air Slash': 2 | 'Roost': 2 | 'Fire Blast': 3 | 'Wild Charge': 2 | 'Dragon Dance': 2 | 'Waterfall': 1 | 'Roar': 1 | 'Horn Leech': 1 | 'Rock Slide': 2 | 'U-turn': 1 | 'Earthquake': 1 | 'Poison Jab': 1 | 'Knock Off': 2 | 'Scald': 2 | 'Sucker Punch': 1},5,3,25,20,5,16,N/A
[Gen 7] Unrated Random Battle,Breloom|Komala,Dodrio|Florges|Pangoro|Volcanion,Win,1,2,{'Spore': 1 | 'Swords Dance': 1 | 'Moonblast': 1 | 'Bullet Seed': 1 | 'Mach Punch': 1 | 'Earth Power': 1 | 'Return': 2},1,1,8,6,2,6,N/A
[Gen 7] RU,Blastoise|Espeon|Flygon|Galvantula|Metagross|Nidoqueen,Araquanid|Goodra|Mandibuzz|Nidoqueen|Passimian|Quilladin,Win,4,5,{'U-turn': 1 | 'Thunder': 1 | 'Stealth Rock': 1 | 'Trick': 1 | 'Liquidation': 3 | 'Meteor Mash': 2 | 'Zen Headbutt': 1 | 'Sticky Web': 1 | 'Giga Drain': 1 | 'Sludge Wave': 1 | 'Psyshock': 4 | 'Ice Beam': 1 | 'Dark Pulse': 1 | 'Thunderbolt': 2 | 'Aura Sphere': 1 | 'Poison Jab': 1 | 'Thunder Punch': 1 | 'Knock Off': 1 | 'Shadow Claw': 1},6,2,26,23,3,19,N/A
[Gen 7] Unrated Random Battle,Granbull|Ho-Oh|Tornadus|Zeraora,Hoopa|Lopunny|Lugia|Magnezone|Noivern|Sawk,Win,0,6,{'Toxic': 1 | 'Crunch': 3 | 'Heal Bell': 1 | 'Trick': 1 | 'Knock Off': 6 | 'Supersonic Skystrike': 1 | 'U-turn': 1 | 'Close Combat': 1 | 'Flash Cannon': 1 | 'High Jump Kick': 2 | 'Play Rough': 2 | 'Return': 1 | 'Thunderbolt': 2 | 'Plasma Fists': 2 | 'Hidden Power': 1 | 'Draco Meteor': 1},10,3,27,24,3,20,N/A
[Gen 7] Random Battle,Aggron|Bulu|Manaphy|Minun|Slowbro,Flygon|Greninja|Hitmontop|Sandslash|Suicune|Zekrom,Win,2,4,{'Dark Pulse': 5 | 'Scald': 6 | 'Surf': 4 | 'Bolt Strike': 1 | 'Hidden Power': 1 | 'Outrage': 2 | 'Head Smash': 1 | 'Earthquake': 2 | 'Tail Glow': 3 | 'Psychic': 2 | 'Ice Beam': 1 | 'Wood Hammer': 1 | 'Stone Edge': 1 | 'Sucker Punch': 1},3,11,31,28,3,24,1549 → 1570(+21 for winning)
[Gen 7] Unrated Random Battle,Gastrodon|Kyogre|Ribombee|Togedemaru,Durant|Hitmonchan|Lucario|Ribombee|Swellow|Vespiquen,Win,2,6,{'Toxic': 1 | 'Nuzzle': 1 | 'U-turn': 1 | 'Drain Punch': 1 | 'Moonblast': 1 | 'Hidden Power': 1 | 'Brave Bird': 1 | 'Facade': 1 | 'Water Spout': 4 | 'Destiny Bond': 1 | 'Zing Zap': 3 | 'Attack Order': 1 | 'Close Combat': 1},3,4,18,16,2,16,N/A
[Gen 7] Unrated Random Battle,Ambipom|Ledian|Mesprit|Mimikyu|Pyroar|Scolipede,Cloyster|Houndoom|Jellicent|Klinklang|Nidoking|Torkoal,Win,5,6,{'Gear Grind': 2 | 'Fire Blast': 4 | 'Nasty Plot': 1 | 'Hyper Voice': 2 | 'Dark Pulse': 2 | 'Return': 1 | 'Scald': 5 | 'Taunt': 1 | 'Seed Bomb': 4 | 'Shell Smash': 1 | 'Psychic': 1 | 'Recover': 1 | 'Switcheroo': 1 | 'Earthquake': 3 | 'Earth Power': 2 | 'Swords Dance': 1 | 'Shadow Claw': 1 | "Let's Snuggle Forever": 1},6,3,34,28,6,25,N/A
[Gen 7] Unrated Random Battle,Mawile|Palkia|Sharpedo|Sharpedo-Mega|Staraptor|Togekiss|Vanilluxe,Bewear|Dialga|Garbodor|Grumpig|Pikachu-Hoenn|Rotom-Frost,Win,5,6,{'Swords Dance': 1 | 'Air Slash': 2 | 'Volt Switch': 2 | 'Stealth Rock': 1 | 'Hidden Power': 1 | 'Will-O-Wisp': 1 | 'Flash Cannon': 6 | 'Blizzard': 2 | 'Explosion': 1 | 'Whirlwind': 1 | 'Crunch': 2 | 'Volt Tackle': 3 | 'Sucker Punch': 1 | 'Hammer Arm': 1 | 'Psychic Fangs': 3 | 'Drain Punch': 1 | 'Pain Split': 2 | 'Fire Blast': 1 | 'Draco Meteor': 1 | 'Quick Attack': 1 | 'Toxic': 1 | 'Aura Sphere': 2},10,4,37,30,7,27,N/A
[Gen 7] Unrated Random Battle,Drapion|Moltres|Palossand|Toxapex,Delibird|Kangaskhan|Nihilego|Volcarona,Loss,1,3,{'Crunch': 6 | 'Earth Power': 3 | 'Protect': 2 | 'Baneful Bunker': 1 | 'Earthquake': 2 | 'Return': 1 | 'Poison Jab': 2 | 'Taunt': 1 | 'Knock Off': 1 | 'Icy Wind': 2 | 'Thunderbolt': 1 | 'Toxic Spikes': 2 | 'Shore Up': 1 | 'Shadow Ball': 2 | 'Quiver Dance': 1 | 'Giga Drain': 1 | 'Bug Buzz': 1 | 'Fire Blast': 1},4,4,31,23,8,20,N/A
[Gen 7] Random Battle,Aggron|Jirachi|Salamence,Kyogre|Porygon2|Shiftry,Win,1,2,{'Double-Edge': 1 | 'Toxic': 1 | 'Body Slam': 3 | 'U-turn': 1 | 'Calm Mind': 1 | 'Stealth Rock': 1 | 'Scald': 1 | 'Low Kick': 4 | 'Rest': 3 | 'Sleep Talk': 2 | 'Tri Attack': 1 | 'Recover': 2 | 'Substitute': 1 | 'Iron Head': 1},2,1,23,12,11,15,1533 → 1550(+17 for winning)
[Gen 7] NU,Braviary|Exeggutor-Alola|Pangoro|Rotom|Seismitoad|Weezing,Glalie|Klinklang|Rhydon|Sceptile|Sigilyph|Vaporeon,Win,2,6,{'Iron Head': 1 | 'Scald': 4 | 'Stealth Rock': 1 | 'Leaf Blade': 1 | 'Toxic Spikes': 2 | 'Shift Gear': 2 | 'Will-O-Wisp': 1 | 'Haze': 1 | 'Flash Cannon': 2 | 'Discharge': 1 | 'Earthquake': 1 | 'Calm Mind': 2 | 'Toxic': 1 | 'Roost': 1 | 'Stored Power': 2 | 'Giga Drain': 3 | 'Acrobatics': 1 | 'Flamethrower': 1 | 'Avalanche': 1 | 'Crunch': 1 | 'Sludge Bomb': 1 | 'Surf': 4 | 'Trick': 1},6,5,36,24,12,22,N/A
[Gen 7] Random Battle,Blacephalon|Goodra|Kabutops|Porygon-Z|Rayquaza,Bisharp|Buzzwole|Clefable|Dialga|Mudsdale|Swellow,Win,4,6,{'Swords Dance': 1 | 'Low Kick': 1 | 'Liquidation': 1 | 'Knock Off': 1 | 'Aqua Jet': 1 | 'Earthquake': 5 | 'Dragon Dance': 1 | 'Moonblast': 1 | 'Facade': 1 | 'Ice Beam': 5 | 'Close Combat': 1 | 'Dragon Pulse': 1 | 'Draco Meteor': 2},10,1,22,20,2,17,1126 → 1150(+24 for winning)
[Gen 7] Unrated Random Battle,Aggron|Aggron-Mega|Glaceon|Magmortar|Mamoswine|Tornadus-Therian|Zygarde-10%,Aerodactyl|Celesteela|Donphan|Gigalith|Klefki|Raticate-Alola,Win,5,6,{'Hidden Power': 1 | 'Stone Edge': 3 | 'Fire Blast': 1 | 'Aqua Tail': 1 | 'Fire Fang': 1 | 'Heavy Slam': 1 | 'Earthquake': 3 | 'Protect': 1 | 'Flash Cannon': 3 | 'Ice Beam': 4 | 'Autotomize': 1 | 'Air Slash': 1 | 'Knock Off': 4 | 'U-turn': 1 | 'Stealth Rock': 1 | 'Toxic': 1 | 'Spikes': 2 | 'Shadow Ball': 1 | 'Play Rough': 1 | 'Swords Dance': 1 | 'Ice Shard': 1 | 'Devastating Drake': 1 | 'Thousand Arrows': 1},10,3,36,29,7,23,N/A
[Gen 7] Unrated Random Battle,Aegislash|Donphan|Exeggutor|Magnezone|Nidoking|Whimsicott,Glalie|Glalie-Mega|Magearna|Meloetta|Mewtwo|Pangoro|Qwilfish,Win,1,4,{'Freeze-Dry': 4 | 'Iron Head': 2 | 'Knock Off': 4 | 'Encore': 1 | 'Toxic': 2 | 'Moonblast': 1 | 'Ice Beam': 2 | 'Tailwind': 1 | 'Destiny Bond': 1 | 'Substitute': 1 | 'Leech Seed': 1 | 'Volt Switch': 3 | 'Earth Power': 1 | 'Liquidation': 1},6,7,25,18,7,22,N/A
[Gen 7] Unrated Random Battle,Arcanine|Fini|Lurantis|Volbeat,Bisharp|Bruxish|Deoxys|Dewgong|Mienshao|Mismagius,Win,3,6,{'Thunder Wave': 4 | 'U-turn': 3 | 'Ice Beam': 2 | 'Knock Off': 10 | 'Iron Head': 1 | 'Sucker Punch': 1 | 'Flare Blitz': 1 | 'Aqua Jet': 1 | 'Encore': 3 | 'Roost': 3 | 'Flamethrower': 1 | 'Taunt': 1 | 'Surf': 8 | 'Trick': 1 | 'Leaf Storm': 2 | 'Hidden Power': 2},7,10,44,32,12,29,N/A
[Gen 7] NU,Braviary|Exeggutor-Alola|Pangoro|Rotom|Seismitoad|Weezing,Blastoise|Lurantis|Miltank|Minior-Yellow|Silvally-*|Zangoose,Win,1,3,{'Trick': 1 | 'Stealth Rock': 4 | 'Defog': 1 | 'Volt Switch': 3 | 'Leech Life': 1 | 'Flamethrower': 2 | 'Superpower': 1 | 'Hydro Pump': 1 | 'Rapid Spin': 2 | 'Toxic': 2 | 'Shell Smash': 3 | 'Haze': 4 | 'Acrobatics': 3 | 'Rock Slide': 3 | 'Sludge Bomb': 3 | 'Will-O-Wisp': 1 | 'Toxic Spikes': 1 | 'Quick Attack': 1 | 'Brave Bird': 2 | 'Body Slam': 1},4,5,40,23,17,27,N/A
[Gen 7] Random Battle,Bewear|Darkrai|Houndoom|Ninjask|Poliwrath|Tentacruel,Darmanitan|Dodrio|Primarina|Raikou|Solrock|Vikavolt,Loss,6,6,{'U-turn': 3 | 'Rock Slide': 4 | 'Substitute': 3 | 'Light Screen': 1 | 'Dark Pulse': 2 | 'Quick Attack': 1 | 'Brave Bird': 1 | 'Ice Punch': 1 | 'Moonblast': 3 | 'Toxic Spikes': 1 | 'Sludge Bomb': 2 | 'Scald': 1 | 'Earthquake': 1 | 'Leech Life': 3 | 'Thunderbolt': 3 | 'Agility': 1 | 'Bug Buzz': 1},10,4,32,26,6,19,1363 → 1338(-25 for losing)
[Gen 7] Unrated Random Battle,Hippowdon|Pelipper|Sharpedo|Shiftry,Aegislash|Ariados|Bulu|Dhelmise|Metagross,Win,1,3,{'Power Whip': 1 | 'Knock Off': 3 | 'Sucker Punch': 2 | 'Toxic Spikes': 1 | 'Shadow Sneak': 2 | 'Defog': 1 | 'Swords Dance': 2 | "King's Shield": 2 | 'Scald': 4},3,1,18,12,6,13,N/A
[Gen 7] Unrated Random Battle,Archeops|Blacephalon|Dewgong|Snorlax|Zeraora,Crobat|Ludicolo|Pangoro|Pidgeot|Pikachu-Sinnoh|Scolipede,Loss,3,6,{'Mind Blown': 2 | 'Scald': 1 | 'U-turn': 2 | 'Volt Switch': 1 | 'Knock Off': 1 | 'Iron Tail': 1 | 'Earthquake': 1 | 'Megahorn': 3 | 'Ice Beam': 3 | 'Poison Jab': 1 | 'Protect': 1 | 'Brave Bird': 1 | 'Plasma Fists': 2 | 'Toxic': 1 | 'Close Combat': 2 | 'Parting Shot': 1},6,1,24,21,3,15,N/A
[Gen 7] Unrated Random Battle,Archeops|Ariados|Kangaskhan|Kangaskhan-Mega|Milotic|Starmie|Whimsicott,Blissey|Giratina-Origin|Hawlucha|Minun|Noivern,Loss,5,3,{'Will-O-Wisp': 2 | 'Toxic Spikes': 5 | 'Defog': 3 | 'Poison Jab': 1 | 'Dragon Tail': 1 | 'Head Smash': 1 | 'Ice Beam': 2 | 'Toxic': 6 | 'Stealth Rock': 2 | 'Shadow Sneak': 1 | 'Moonblast': 4 | 'Flamethrower': 1 | 'Psyshock': 3 | 'Boomburst': 4 | 'Scald': 4 | 'Hidden Power': 1 | 'Soft-Boiled': 3 | 'Power-Up Punch': 1 | 'High Jump Kick': 2 | 'Stun Spore': 1 | 'Return': 2},3,8,50,28,22,36,N/A
[Gen 7] PU,Absol|Claydol|Gurdurr|Lopunny|Masquerain|Silvally-*,Floatzel|Guzzlord|Hitmonchan|Mesprit|Skuntank|Sunflora,Win,1,6,{'Bug Buzz': 4 | 'Fire Blast': 1 | 'Psyshock': 1 | 'Shadow Ball': 1 | 'Mach Punch': 1 | 'Parting Shot': 1 | 'Ice Punch': 1 | 'Bulk Up': 1 | 'Thunder Punch': 1 | 'Drain Punch': 6 | 'Poison Jab': 1 | 'Sucker Punch': 1 | 'Switcheroo': 1},6,1,21,18,3,12,N/A
[Gen 7] Random Battle,Greninja|Hariyama|Illumise|Mewtwo|Mewtwo-Mega-X|Salazzle|Suicune,Charizard|Gourgeist-Large|Ninetales-Alola|Sceptile|Tyranitar|Uxie,Win,5,6,{'Thunder Wave': 1 | 'Will-O-Wisp': 1 | 'Nasty Plot': 1 | 'Sludge Wave': 2 | 'Air Slash': 1 | 'Hidden Power': 1 | 'Pursuit': 1 | 'Drain Punch': 6 | 'Taunt': 1 | 'Shadow Sneak': 1 | 'Knock Off': 4 | 'Seed Bomb': 1 | 'Psychic': 3 | 'Dark Pulse': 1 | 'Giga Drain': 1 | 'Outrage': 3 | 'Bug Buzz': 1 | 'Wish': 1 | 'Ice Beam': 1 | 'Aurora Veil': 1 | 'Scald': 4 | 'Freeze-Dry': 3 | 'Moonblast': 1 | 'Hydro Vortex': 1 | 'Stone Edge': 1 | 'U-turn': 1},13,6,44,38,6,29,1221 → 1251(+30 for winning)
[Gen 7] Unrated Random Battle,Blaziken,Dialga|Venomoth,Win,0,2,{'Flare Blitz': 1 | 'High Jump Kick': 1},2,0,2,2,0,2,N/A
[Gen 7] Unrated Random Battle,Celebi|Diggersby|Flygon|Heliolisk|Regice|Reuniclus,Blacephalon|Gengar|Golurk|Milotic|Pachirisu|Sharpedo,Loss,6,5,{'Crunch': 1 | 'Thunderbolt': 2 | 'Toxic': 2 | 'U-turn': 1 | 'Psychic': 3 | 'Shadow Punch': 1 | 'Stealth Rock': 1 | 'Shadow Ball': 2 | 'Earthquake': 2 | 'Scald': 1 | 'Rain Dance': 1 | 'Hyper Voice': 1 | 'Surf': 2 | 'Thunder': 1 | 'Sludge Wave': 1 | 'Focus Blast': 1 | 'Hidden Power': 1 | 'Fire Blast': 1},6,1,25,21,4,18,N/A
[Gen 7] Unrated Random Battle,Celebi|Gyarados|Gyarados-Mega|Hariyama|Plusle|Virizion,Archeops|Articuno|Decidueye|Greninja|Meowstic|Tsareena,Win,3,6,{'Dark Pulse': 2 | 'Thunder Wave': 1 | 'Close Combat': 1 | 'Freeze-Dry': 3 | 'Thunderbolt': 2 | 'Waterfall': 1 | 'Yawn': 1 | 'Crunch': 3 | 'Power Whip': 2 | 'Hidden Power': 1 | 'U-turn': 1 | 'Bullet Punch': 5 | 'Earthquake': 2 | 'Swords Dance': 1 | 'Leaf Blade': 1 | 'Ice Fang': 1},13,1,28,25,3,18,N/A
[Gen 7] Random Battle,Bulu|Druddigon|Escavalier|Lucario|Ninjask,Granbull|Sharpedo|Tauros,Win,2,1,{'Thunder Wave': 2 | 'Earthquake': 3 | 'Knock Off': 1 | 'Glare': 1 | 'Gunk Shot': 2 | 'Double-Edge': 1 | 'Crunch': 1 | 'Waterfall': 1 | 'Horn Leech': 1 | 'Play Rough': 1},1,0,14,11,3,13,1447 → 1465(+18 for winning)
[Gen 7] Unrated Random Battle,Bruxish|Empoleon|Ho-Oh|Reuniclus|Sableye|Sableye-Mega,Accelgor|Cofagrigus|Gardevoir|Gardevoir-Mega|Stoutland|Toxapex|Wormadam,Win,2,5,{'Ice Beam': 3 | 'Quiver Dance': 2 | 'Giga Drain': 2 | 'Hidden Power': 1 | 'Flame Charge': 2 | 'Toxic Spikes': 4 | 'Defog': 3 | 'Scald': 15 | 'Psychic Fangs': 3 | 'Shadow Ball': 3 | 'Sacred Fire': 1 | 'Recover': 5 | 'Psychic': 5 | 'Bug Buzz': 2 | 'Hyper Voice': 2 | 'Return': 1 | 'Will-O-Wisp': 1 | 'Calm Mind': 1 | 'Haze': 1 | 'Crunch': 2 | 'Wild Charge': 1},8,13,60,43,17,44,N/A
[Gen 7] PU,Dedenne|Fearow|Lanturn|Masquerain|Pinsir|Silvally-*,Cottonee|Electrode|Exeggutor|Silvally-*|Torkoal|Ursaring,Win,1,6,{'Shadow Ball': 2 | 'Sunny Day': 1 | 'Stealth Rock': 1 | 'Defog': 1 | 'Icy Wind': 1 | 'Fire Punch': 1 | 'Sticky Web': 1 | 'Crunch': 1 | 'Z-Me First': 1 | 'Inferno Overdrive': 1 | 'Earthquake': 2 | 'Leech Seed': 3 | 'Knock Off': 1 | 'Substitute': 3 | 'Scald': 1 | 'Toxic': 1 | 'Volt Switch': 1 | 'Parting Shot': 1 | 'Encore': 1 | 'X-Scissor': 3},5,3,28,15,13,18,1072 → 1102(+30 for winning)
[Gen 7] Unrated Random Battle,Alakazam|Chandelure|Dewgong|Exploud|Forretress|Skuntank,Buzzwole|Cinccino|Cloyster|Hitmonchan|Pidgeot|Pidgeot-Mega|Serperior,Win,4,6,{'Poison Jab': 3 | 'Drain Punch': 1 | 'Hurricane': 2 | 'Toxic': 1 | 'Shell Smash': 1 | 'Hydro Pump': 1 | 'Stealth Rock': 1 | 'Icicle Spear': 2 | 'Sucker Punch': 1 | 'Bullet Seed': 1 | 'Fire Blast': 3 | 'Rock Blast': 2 | 'Boomburst': 1 | 'Leaf Storm': 2 | 'Psyshock': 2 | 'Glare': 1},3,6,25,21,4,18,N/A
[Gen 7] Random Battle,Buzzwole|Clefable|Lilligant|Noivern|Stakataka|Volbeat,Drapion|Froslass|Latias|Minun|Silvally-Steel|Tangrowth,Win,3,6,{'Substitute': 1 | 'Moonblast': 5 | 'Thunderbolt': 1 | 'Encore': 1 | 'Multi-Attack': 3 | 'Flamethrower': 6 | 'U-turn': 1 | 'Superpower': 3 | 'Spikes': 2 | 'Trick Room': 2 | 'Gyro Ball': 5 | 'Earthquake': 1 | 'Leaf Storm': 2 | 'Roost': 3 | 'Defog': 1 | 'Draco Meteor': 2 | 'Knock Off': 2 | 'Dragon Pulse': 1 | 'Psyshock': 2 | 'Rock Slide': 2 | 'Hidden Power': 3},9,4,49,39,10,33,N/A
[Gen 7] Unrated Random Battle,Arcanine|Doublade|Furfrou|Lele,Conkeldurr|Garchomp|Genesect-Douse|Null|Pyroar,Win,1,2,{'U-turn': 2 | 'Swords Dance': 1 | 'Fire Blast': 1 | 'Hyper Voice': 1 | 'Close Combat': 1 | 'Earthquake': 1 | 'Moonblast': 2 | 'Iron Head': 1 | 'Thunder Wave': 1 | 'Techno Blast': 1 | 'Return': 1 | 'Drain Punch': 1},3,5,14,12,2,11,N/A
[Gen 7] Unrated Random Battle,Abomasnow|Doublade|Golisopod|Hitmonlee|Lele|Scolipede,Komala|Mimikyu|Starmie|Steelix,Win,2,4,{'Return': 1 | 'Sacred Sword': 3 | 'Swords Dance': 2 | 'Stealth Rock': 1 | 'Earthquake': 1 | 'Sucker Punch': 1 | 'Rapid Spin': 1 | 'Psyshock': 1 | 'Wood Hammer': 1 | 'Blizzard': 1 | 'Ice Shard': 1 | 'Play Rough': 2 | 'Aqua Jet': 1 | 'Shadow Sneak': 2 | 'Poison Jab': 1 | 'Megahorn': 1},6,0,21,18,3,15,N/A
[Gen 7] Unrated Random Battle,Banette|Xatu,Ariados|Flygon|Klefki|Ludicolo|Minior|Venusaur,Win,0,6,{'Toxic Spikes': 1 | 'Sucker Punch': 2 | 'Psychic': 6 | 'Roost': 3 | 'Calm Mind': 5 | 'Play Rough': 3 | 'Toxic': 1 | 'Thunder Wave': 1 | 'Magnet Rise': 1 | 'Heat Wave': 1},5,0,24,12,12,15,N/A
[Gen 7] Unrated Random Battle,Arceus-Fairy|Carbink|Charizard|Hawlucha|Stoutland,Ditto|Gligar|Lurantis|Magmortar|Milotic|Xerneas,Win,2,2,{'Return': 2 | 'Stealth Rock': 2 | 'Substitute': 2 | 'U-turn': 1 | 'High Jump Kick': 3 | 'Dragon Tail': 1 | 'Scald': 1 | 'Moonblast': 2 | 'Acrobatics': 1 | 'Superpower': 2 | 'Defog': 1 | 'Judgment': 2 | 'Earthquake': 1 | 'Toxic': 2 | 'Recover': 1 | 'Light Screen': 1 | 'Leaf Storm': 1 | 'Power Gem': 1},3,2,27,18,9,19,N/A
[Gen 7] Unrated Random Battle,Azumarill|Cloyster|Mamoswine|Passimian|Skuntank|Ursaring,Beedrill|Froslass|Hitmonlee|Krookodile|Tsareena|Tyranitar,Win,4,5,{'Belly Drum': 1 | 'Power Whip': 2 | 'Poison Jab': 2 | 'Fake Out': 1 | 'Close Combat': 2 | 'Thunder Wave': 1 | 'Crunch': 1 | 'High Jump Kick': 1 | 'Earthquake': 5 | 'Stealth Rock': 2 | 'Ice Beam': 2 | 'Superpower': 1 | 'Rapid Spin': 3 | 'Synthesis': 1 | 'Tailwind': 1 | 'Ice Shard': 2 | 'Knock Off': 1 | 'Facade': 1 | 'Shell Smash': 1 | 'Icicle Spear': 3 | 'Dragon Dance': 1},5,3,35,27,8,27,N/A
[Gen 7] Unrated Random Battle,Furfrou|Gigalith|Primeape|Vivillon|Zeraora,Bulu|Dhelmise|Kingler|Oranguru|Porygon2|Zekrom,Win,4,6,{'Substitute': 2 | 'Tri Attack': 9 | 'Wood Hammer': 1 | 'Hurricane': 2 | 'Recover': 1 | 'Power Whip': 3 | 'Cotton Guard': 1 | 'Rest': 1 | 'Return': 3 | 'Thunderbolt': 2 | 'Focus Blast': 1 | 'Knock Off': 1 | 'Stone Edge': 2 | 'Sludge Bomb': 1 | 'Dark Pulse': 2 | 'Bolt Strike': 1 | 'Earthquake': 1 | 'Close Combat': 1 | 'Liquidation': 1 | 'Plasma Fists': 1 | 'Superpower': 1},9,9,38,33,5,31,N/A
[Gen 7] Random Battle,Cofagrigus|Durant|Lele|Minior|Scolipede|Wobbuffet,Blaziken|Breloom|Druddigon|Pachirisu|Swampert|Tauros,Win,4,6,{'Nuzzle': 1 | 'Shadow Ball': 2 | 'Will-O-Wisp': 1 | 'Swords Dance': 3 | 'Stone Edge': 2 | 'Flare Blitz': 2 | 'Counter': 3 | 'Megahorn': 1 | 'Dragon Claw': 2 | 'Spikes': 1 | 'Moonblast': 1 | 'Double-Edge': 1 | 'Hone Claws': 1 | 'X-Scissor': 2 | 'Iron Head': 1 | 'Earthquake': 1 | 'Superpower': 1},2,0,26,20,6,19,N/A
[Gen 7] Unrated Random Battle,Golduck|Keldeo|Latias|Latias-Mega|Sableye|Umbreon|Weezing,Charizard|Decidueye|Golisopod|Guzzlord|Mienshao|Ninjask,Win,4,6,{'U-turn': 1 | 'Protect': 3 | 'Knock Off': 2 | 'Will-O-Wisp': 1 | 'Pain Split': 2 | 'Draco Meteor': 2 | 'Sludge Bomb': 1 | 'Aerial Ace': 1 | 'Night Slash': 1 | 'Swords Dance': 1 | 'Ice Beam': 2 | 'Leaf Blade': 1 | 'Dragon Pulse': 7 | 'Toxic': 2 | 'Leech Life': 6 | 'Heal Bell': 1 | 'Substitute': 3 | 'Secret Sword': 2 | 'Hydro Pump': 3 | 'Liquidation': 2 | 'Aqua Jet': 1 | 'Poison Jab': 2 | 'Foul Play': 2 | 'Recover': 1 | 'Stone Edge': 2 | 'Taunt': 1 | 'Air Slash': 1 | 'Fire Blast': 3 | 'Roost': 2 | 'Surf': 1},7,14,60,43,17,35,N/A
[Gen 7] RU,Blastoise|Espeon|Flygon|Galvantula|Metagross|Nidoqueen,Carracosta|Flygon|Golisopod|Togedemaru|Vaporeon|Whimsicott,Win,2,6,{'Iron Head': 1 | 'Earthquake': 1 | 'First Impression': 2 | 'Thunder Punch': 2 | 'Sucker Punch': 2 | 'Stealth Rock': 2 | 'Leech Life': 3 | 'Dark Pulse': 2 | 'U-turn': 1 | 'Thunder': 3 | 'Scald': 2 | 'Protect': 1 | 'Defog': 1 | 'Hidden Power': 1 | 'Sticky Web': 1 | 'Zen Headbutt': 1 | 'Psyshock': 4 | 'Shell Smash': 1 | 'Aqua Jet': 1},6,1,32,26,6,22,N/A
[Gen 7] Random Battle,Eelektross|Entei|Ferrothorn|Komala|Sawk|Xerneas,Abomasnow|Abomasnow-Mega|Cinccino|Emboar|Latios|Nihilego|Serperior,Win,4,6,{'Stomping Tantrum': 1 | 'Stealth Rock': 1 | 'Toxic Spikes': 1 | 'Gyro Ball': 1 | 'Protect': 1 | 'Head Smash': 1 | 'Fire Blast': 2 | 'Sacred Fire': 1 | 'Draco Meteor': 1 | 'Geomancy': 1 | 'Psyshock': 1 | 'Moonblast': 2 | 'Ice Shard': 1 | 'Volt Switch': 1 | 'Poison Jab': 4 | 'Substitute': 1 | 'Tail Slap': 2 | 'Return': 3 | 'Leaf Storm': 1},4,2,27,22,5,19,N/A
[Gen 7] RU,Blastoise|Espeon|Flygon|Galvantula|Metagross|Nidoqueen,Blastoise|Espeon|Honchkrow|Metagross|Noivern|Rotom-Mow,Win,5,6,{'U-turn': 3 | 'Thunder': 2 | 'Trick': 1 | 'Bug Buzz': 3 | 'Night Slash': 2 | 'Meteor Mash': 2 | 'Bullet Punch': 3 | 'Fire Punch': 4 | 'Devastating Drake': 1 | 'Dark Pulse': 3 | 'Leaf Storm': 2 | 'Dragon Dance': 1 | 'Will-O-Wisp': 2 | 'Outrage': 2 | 'Stealth Rock': 1 | 'Shadow Ball': 1 | 'Draco Meteor': 1 | 'Poison Jab': 1},7,5,35,30,5,23,N/A
[Gen 7] Random Battle,Diancie|Diancie-Mega|Moltres|Necrozma-Dawn-Wings|Smeargle,Deoxys|Honchkrow|Lucario|Sawk|Simisage|Vivillon,Win,2,6,{'Knock Off': 3 | 'Moongeist Beam': 1 | 'Pursuit': 1 | 'Moonblast': 2 | 'Leaf Storm': 1 | 'Fire Blast': 4 | 'Hurricane': 1 | 'Stealth Rock': 1 | 'Superpower': 1 | 'Close Combat': 2 | 'Roost': 2 | 'Sleep Powder': 1 | 'Hidden Power': 2 | 'Nasty Plot': 1},7,3,23,18,5,17,N/A
[Gen 7] Unrated Random Battle,Azumarill|Bewear|Gourgeist-Super|Mamoswine|Vivillon,Druddigon|Empoleon|Floatzel|Jirachi|Ribombee|Tsareena,Win,3,6,{'Sleep Powder': 1 | 'Stealth Rock': 1 | 'Substitute': 1 | 'Earthquake': 1 | 'Outrage': 3 | 'Will-O-Wisp': 2 | 'Leech Seed': 1 | 'Knock Off': 6 | 'Shadow Sneak': 1 | 'Hurricane': 1 | 'Quiver Dance': 3 | 'Aqua Jet': 5 | 'Double-Edge': 2 | 'Hammer Arm': 1 | 'Moonblast': 2 | 'Z-Belly Drum': 1 | 'Iron Head': 1 | 'Liquidation': 1 | 'Brick Break': 1},4,2,35,26,9,23,N/A
[Gen 7] Unrated Random Battle,Bruxish|Relicanth|Solgaleo,Conkeldurr|Lycanroc-Midnight|Meloetta|Skarmory|Toxicroak|Weezing,Win,1,6,{'Drain Punch': 2 | 'Stealth Rock': 2 | 'Psychic Fangs': 3 | 'Swords Dance': 1 | 'Liquidation': 2 | 'Sucker Punch': 1 | 'Zen Headbutt': 1 | 'Fire Punch': 1 | 'Sunsteel Strike': 1},7,2,14,11,3,11,N/A
[Gen 7] Random Battle,Cloyster|Druddigon|Manectric|Mienshao|Mimikyu,Articuno|Azumarill|Dusknoir|Garbodor|Gligar|Kartana,Win,3,6,{'U-turn': 2 | 'Toxic': 1 | 'Shell Smash': 1 | 'Icicle Spear': 4 | 'Drain Punch': 1 | 'Substitute': 1 | 'Stealth Rock': 1 | 'Z-Belly Drum': 1 | 'Liquidation': 1 | "Let's Snuggle Forever": 1 | 'Taunt': 1 | 'Earthquake': 5 | 'Swords Dance': 1 | 'Shadow Claw': 1 | 'Knock Off': 1 | 'Outrage': 3 | 'Will-O-Wisp': 1 | 'Shadow Sneak': 3 | 'Thunderbolt': 2 | 'Overheat': 1},3,1,33,26,7,20,N/A
[Gen 7] Unrated Random Battle,Emboar|Krookodile|Lugia|Mew|Palossand|Tropius,Cobalion|Keldeo|Reuniclus|Simisage|Tauros|Vileplume,Win,2,4,{'Trick Room': 1 | 'Knock Off': 6 | 'Giga Drain': 2 | 'Sleep Powder': 1 | 'Sludge Bomb': 1 | 'Flare Blitz': 2 | 'Psyshock': 2 | 'Close Combat': 1 | 'Iron Head': 1 | 'Earth Power': 1 | 'Scald': 2 | 'Rock Slide': 1 | 'Earthquake': 1 | 'Calm Mind': 1 | 'Thunder Wave': 1 | 'Substitute': 1 | 'Psychic': 4 | 'Zen Headbutt': 1},8,3,30,25,5,24,N/A
[Gen 7] Random Battle,Beartic|Delphox|Fini|Linoone|Tentacruel,Charizard|Chatot|Omastar|Pikachu-Alola|Tsareena|Vivillon,Win,2,6,{'U-turn': 1 | 'Icicle Crash': 1 | 'Flare Blitz': 1 | 'Psyshock': 1 | 'Shell Smash': 1 | 'Earth Power': 5 | 'Scald': 3 | 'Extreme Speed': 1 | 'Power Whip': 1 | 'Fire Blast': 4},4,2,19,18,1,15,N/A
[Gen 7] Unrated Random Battle,Hoopa-Unbound,Blissey|Ribombee|Solgaleo,Win,0,2,{'Knock Off': 3 | 'Protect': 1 | 'Quiver Dance': 1 | 'Gunk Shot': 1},1,0,6,4,2,4,N/A
[Gen 7] Unrated Random Battle,Archeops|Blaziken|Bronzong|Crawdaunt|Hawlucha|Mawile|Mawile-Mega,Blaziken|Comfey|Lilligant|Meloetta|Purugly|Qwilfish,Win,3,5,{'Knock Off': 4 | 'Spikes': 1 | 'Earthquake': 1 | 'Fake Out': 1 | 'Stealth Rock': 1 | 'U-turn': 1 | 'Gyro Ball': 1 | 'Protect': 1 | 'Acrobatics': 3 | 'Stone Edge': 2 | 'Draining Kiss': 1 | 'Iron Head': 1 | 'Quiver Dance': 2 | 'Fire Fang': 1 | 'Sleep Powder': 1 | 'Hidden Power': 1 | 'Fire Blast': 1 | 'Hyper Voice': 2 | 'Synthesis': 1 | 'Crabhammer': 1},8,3,28,21,7,20,N/A
[Gen 7] NU,Aerodactyl|Clawitzer|Mismagius|Tauros|Weezing|Whimsicott,Ambipom|Claydol|Comfey|Dusclops|Incineroar|Minior-Blue,Win,3,4,{'Fake Out': 3 | 'U-turn': 2 | 'Will-O-Wisp': 2 | 'Flame Charge': 1 | 'Toxic Spikes': 1 | 'Swords Dance': 1 | 'Sludge Bomb': 1 | 'Malicious Moonsault': 1 | 'Aqua Tail': 1 | 'Ice Beam': 1 | 'Trick': 1 | 'Shadow Ball': 2 | 'Stone Edge': 6 | 'Giga Drain': 1 | 'Rapid Spin': 1 | 'Pursuit': 1 | 'Z-Hone Claws': 1 | 'Hex': 1 | 'Encore': 1},6,2,29,23,6,21,1087 → 1116(+29 for winning)
[Gen 7] PU,Dedenne|Fearow|Lanturn|Masquerain|Pinsir|Silvally-*,Absol|Magmar|Regice|Rotom-Fan|Skuntank|Smeargle,Loss,6,4,{'Substitute': 2 | 'Rock Polish': 1 | 'Ice Beam': 6 | 'Discharge': 3 | 'Thunderbolt': 1 | 'Scald': 2 | 'Knock Off': 5 | 'Sucker Punch': 1 | 'Sticky Web': 1 | 'Toxic': 4 | 'Recycle': 2 | 'Poison Jab': 1 | 'Defog': 1 | 'Light Screen': 1 | 'All-Out Pummeling': 1 | 'Volt Switch': 1 | 'Z-Me First': 1 | 'Subzero Slammer': 1 | 'Belly Drum': 1 | 'Power Swap': 1 | 'Shadow Ball': 1 | 'Thunder Punch': 1 | 'Spectral Thief': 1 | 'Extreme Speed': 1 | 'Flail': 1},2,5,42,28,14,25,N/A
