Area,PRUID,Condition,Age Group,Sex,Year,Incidence (Rate per 100),95LCL,95UCL,Prevalence (%),95LCL,95UCL,Mortality (Rate Ratio),95LCL,95UCL
Canada,1,"Dementia, including Alzheimer's disease",65+,Both sexes,2002,1.59,1.58,1.6,5.34,5.32,5.36,3.85,3.77,3.93
Canada,1,"Dementia, including Alzheimer's disease",65+,Females,2002,1.61,1.59,1.63,5.65,5.63,5.68,3.98,3.87,4.1
Canada,1,"Dementia, including Alzheimer's disease",65+,Males,2002,1.54,1.52,1.56,4.73,4.69,4.76,3.76,3.66,3.86
Canada,1,"Dementia, including Alzheimer's disease",65+,Both sexes,2003,1.58,1.56,1.59,5.64,5.62,5.66,3.81,3.74,3.89
Canada,1,"Dementia, including Alzheimer's disease",65+,Females,2003,1.61,1.6,1.63,5.97,5.94,6,3.94,3.82,4.06
Canada,1,"Dementia, including Alzheimer's disease",65+,Males,2003,1.51,1.49,1.53,5.01,4.97,5.04,3.72,3.63,3.82
Canada,1,"Dementia, including Alzheimer's disease",65+,Both sexes,2004,1.57,1.56,1.58,5.88,5.85,5.9,3.89,3.82,3.97
Canada,1,"Dementia, including Alzheimer's disease",65+,Females,2004,1.6,1.58,1.61,6.21,6.18,6.24,4.03,3.92,4.15
Canada,1,"Dementia, including Alzheimer's disease",65+,Males,2004,1.52,1.5,1.54,5.24,5.2,5.27,3.79,3.7,3.89
Canada,1,"Dementia, including Alzheimer's disease",65+,Both sexes,2005,1.52,1.51,1.53,6.01,5.99,6.03,3.88,3.8,3.95
Canada,1,"Dementia, including Alzheimer's disease",65+,Females,2005,1.55,1.54,1.57,6.36,6.33,6.39,3.96,3.85,4.07
Canada,1,"Dementia, including Alzheimer's disease",65+,Males,2005,1.45,1.43,1.47,5.36,5.32,5.39,3.83,3.72,3.93
Canada,1,"Dementia, including Alzheimer's disease",65+,Both sexes,2006,1.56,1.55,1.57,6.19,6.17,6.21,4,3.92,4.08
Canada,1,"Dementia, including Alzheimer's disease",65+,Females,2006,1.59,1.57,1.6,6.54,6.51,6.57,4.1,3.98,4.21
Canada,1,"Dementia, including Alzheimer's disease",65+,Males,2006,1.51,1.49,1.52,5.53,5.5,5.57,3.93,3.83,4.04
Canada,1,"Dementia, including Alzheimer's disease",65+,Both sexes,2007,1.55,1.53,1.56,6.3,6.28,6.32,3.99,3.91,4.06
Canada,1,"Dementia, including Alzheimer's disease",65+,Females,2007,1.58,1.56,1.6,6.67,6.64,6.7,4.22,4.1,4.34
Canada,1,"Dementia, including Alzheimer's disease",65+,Males,2007,1.48,1.46,1.5,5.62,5.59,5.66,3.83,3.74,3.93
Canada,1,"Dementia, including Alzheimer's disease",65+,Both sexes,2008,1.6,1.58,1.61,6.48,6.46,6.51,4.04,3.96,4.11
Canada,1,"Dementia, including Alzheimer's disease",65+,Females,2008,1.64,1.63,1.66,6.87,6.84,6.9,4.21,4.09,4.32
Canada,1,"Dementia, including Alzheimer's disease",65+,Males,2008,1.51,1.49,1.53,5.79,5.75,5.82,3.93,3.83,4.02
Canada,1,"Dementia, including Alzheimer's disease",65+,Both sexes,2009,1.65,1.64,1.66,6.65,6.63,6.67,3.95,3.88,4.02
Canada,1,"Dementia, including Alzheimer's disease",65+,Females,2009,1.71,1.69,1.73,7.06,7.03,7.09,4.1,3.99,4.21
Canada,1,"Dementia, including Alzheimer's disease",65+,Males,2009,1.55,1.54,1.57,5.92,5.89,5.95,3.85,3.76,3.94
Canada,1,"Dementia, including Alzheimer's disease",65+,Both sexes,2010,1.59,1.57,1.6,6.75,6.73,6.77,4,3.92,4.07
Canada,1,"Dementia, including Alzheimer's disease",65+,Females,2010,1.63,1.62,1.65,7.17,7.14,7.2,4.15,4.04,4.26
Canada,1,"Dementia, including Alzheimer's disease",65+,Males,2010,1.5,1.49,1.52,6.01,5.98,6.05,3.9,3.81,4
Canada,1,"Dementia, including Alzheimer's disease",65+,Both sexes,2011,1.58,1.56,1.59,6.81,6.79,6.83,4.03,3.96,4.1
Canada,1,"Dementia, including Alzheimer's disease",65+,Females,2011,1.62,1.6,1.63,7.24,7.21,7.27,4.18,4.07,4.29
Canada,1,"Dementia, including Alzheimer's disease",65+,Males,2011,1.51,1.49,1.52,6.08,6.05,6.11,3.94,3.85,4.03
Canada,1,"Dementia, including Alzheimer's disease",65+,Both sexes,2012,1.54,1.53,1.55,6.85,6.82,6.87,4.12,4.05,4.2
Canada,1,"Dementia, including Alzheimer's disease",65+,Females,2012,1.59,1.57,1.6,7.28,7.25,7.31,4.25,4.15,4.36
Canada,1,"Dementia, including Alzheimer's disease",65+,Males,2012,1.46,1.44,1.48,6.11,6.08,6.14,4.05,3.96,4.14
Canada,1,"Dementia, including Alzheimer's disease",65+,Both sexes,2013,1.5,1.49,1.51,6.83,6.81,6.86,4.25,4.18,4.32
Canada,1,"Dementia, including Alzheimer's disease",65+,Females,2013,1.54,1.53,1.55,7.27,7.24,7.3,4.39,4.29,4.51
Canada,1,"Dementia, including Alzheimer's disease",65+,Males,2013,1.43,1.41,1.44,6.11,6.07,6.14,4.16,4.06,4.25
"Northern Canada (NT, NU, YT)","60,61,62","Dementia, including Alzheimer's disease",65+,Both sexes,2002,-,-,-,-,-,-,2.31,1.4,3.82
"Northern Canada (NT, NU, YT)","60,61,62","Dementia, including Alzheimer's disease",65+,Females,2002,-,-,-,-,-,-,1.99,1.05,3.77
"Northern Canada (NT, NU, YT)","60,61,62","Dementia, including Alzheimer's disease",65+,Males,2002,-,-,-,-,-,-,-,-,-
"Northern Canada (NT, NU, YT)","60,61,62","Dementia, including Alzheimer's disease",65+,Both sexes,2003,-,-,-,-,-,-,3.5,1.84,6.64
"Northern Canada (NT, NU, YT)","60,61,62","Dementia, including Alzheimer's disease",65+,Females,2003,-,-,-,-,-,-,2.04,1.1,3.79
"Northern Canada (NT, NU, YT)","60,61,62","Dementia, including Alzheimer's disease",65+,Males,2003,-,-,-,-,-,-,-,-,-
"Northern Canada (NT, NU, YT)","60,61,62","Dementia, including Alzheimer's disease",65+,Both sexes,2004,-,-,-,-,-,-,2.61,1.53,4.44
"Northern Canada (NT, NU, YT)","60,61,62","Dementia, including Alzheimer's disease",65+,Females,2004,-,-,-,-,-,-,2.81,1.41,5.59
"Northern Canada (NT, NU, YT)","60,61,62","Dementia, including Alzheimer's disease",65+,Males,2004,-,-,-,-,-,-,-,-,-
"Northern Canada (NT, NU, YT)","60,61,62","Dementia, including Alzheimer's disease",65+,Both sexes,2005,1.64,1.26,2.1,3.44,2.9,4.07,2.05,1.28,3.28
"Northern Canada (NT, NU, YT)","60,61,62","Dementia, including Alzheimer's disease",65+,Females,2005,1.55,1.06,2.19,3.83,3.05,4.75,-,-,-
"Northern Canada (NT, NU, YT)","60,61,62","Dementia, including Alzheimer's disease",65+,Males,2005,1.78,1.21,2.54,3.05,2.31,3.96,2.62,1.4,4.91
"Northern Canada (NT, NU, YT)","60,61,62","Dementia, including Alzheimer's disease",65+,Both sexes,2006,1.22,0.9,1.61,4,3.42,4.65,1.54,1.02,2.33
"Northern Canada (NT, NU, YT)","60,61,62","Dementia, including Alzheimer's disease",65+,Females,2006,1.3,0.86,1.89,4.53,3.7,5.51,1.85,1.01,3.37
"Northern Canada (NT, NU, YT)","60,61,62","Dementia, including Alzheimer's disease",65+,Males,2006,1.12,0.71,1.72,3.42,2.66,4.35,1.39,0.78,2.48
"Northern Canada (NT, NU, YT)","60,61,62","Dementia, including Alzheimer's disease",65+,Both sexes,2007,0.91,0.64,1.25,4.09,3.52,4.74,2.55,1.43,4.54
"Northern Canada (NT, NU, YT)","60,61,62","Dementia, including Alzheimer's disease",65+,Females,2007,0.9,0.55,1.41,4.47,3.66,5.42,-,-,-
"Northern Canada (NT, NU, YT)","60,61,62","Dementia, including Alzheimer's disease",65+,Males,2007,0.89,0.53,1.43,3.63,2.85,4.57,1.54,0.85,2.8
"Northern Canada (NT, NU, YT)","60,61,62","Dementia, including Alzheimer's disease",65+,Both sexes,2008,0.95,0.68,1.29,4.17,3.6,4.8,-,-,-
"Northern Canada (NT, NU, YT)","60,61,62","Dementia, including Alzheimer's disease",65+,Females,2008,0.92,0.57,1.4,4.37,3.59,5.28,1.64,0.83,3.23
"Northern Canada (NT, NU, YT)","60,61,62","Dementia, including Alzheimer's disease",65+,Males,2008,1.01,0.61,1.58,3.94,3.14,4.89,-,-,-
"Northern Canada (NT, NU, YT)","60,61,62","Dementia, including Alzheimer's disease",65+,Both sexes,2009,0.73,0.51,1.02,3.96,3.43,4.56,1.85,1.27,2.7
"Northern Canada (NT, NU, YT)","60,61,62","Dementia, including Alzheimer's disease",65+,Females,2009,0.67,0.39,1.08,4.19,3.44,5.06,1.41,0.76,2.61
"Northern Canada (NT, NU, YT)","60,61,62","Dementia, including Alzheimer's disease",65+,Males,2009,0.81,0.48,1.3,3.71,2.97,4.6,2.34,1.45,3.78
"Northern Canada (NT, NU, YT)","60,61,62","Dementia, including Alzheimer's disease",65+,Both sexes,2010,1.15,0.87,1.5,4.33,3.78,4.93,3.79,2.43,5.91
"Northern Canada (NT, NU, YT)","60,61,62","Dementia, including Alzheimer's disease",65+,Females,2010,1.27,0.87,1.79,4.77,3.99,5.67,3.16,1.77,5.65
"Northern Canada (NT, NU, YT)","60,61,62","Dementia, including Alzheimer's disease",65+,Males,2010,1.03,0.66,1.54,3.83,3.1,4.71,4.12,2.34,7.26
"Northern Canada (NT, NU, YT)","60,61,62","Dementia, including Alzheimer's disease",65+,Both sexes,2011,1.15,0.88,1.49,4.44,3.9,5.03,3.81,2.51,5.79
"Northern Canada (NT, NU, YT)","60,61,62","Dementia, including Alzheimer's disease",65+,Females,2011,1.18,0.81,1.68,4.82,4.05,5.69,2.06,1.28,3.31
"Northern Canada (NT, NU, YT)","60,61,62","Dementia, including Alzheimer's disease",65+,Males,2011,1.08,0.72,1.57,3.96,3.23,4.81,4.33,2.64,7.13
"Northern Canada (NT, NU, YT)","60,61,62","Dementia, including Alzheimer's disease",65+,Both sexes,2012,1.07,0.82,1.39,4.44,3.91,5.02,5.29,3.66,7.66
"Northern Canada (NT, NU, YT)","60,61,62","Dementia, including Alzheimer's disease",65+,Females,2012,0.95,0.63,1.38,4.61,3.88,5.44,8.36,4.31,16.24
"Northern Canada (NT, NU, YT)","60,61,62","Dementia, including Alzheimer's disease",65+,Males,2012,1.21,0.82,1.73,4.23,3.49,5.09,4.02,2.51,6.45
"Northern Canada (NT, NU, YT)","60,61,62","Dementia, including Alzheimer's disease",65+,Both sexes,2013,1.07,0.82,1.37,4.22,3.72,4.77,3.01,2,4.51
"Northern Canada (NT, NU, YT)","60,61,62","Dementia, including Alzheimer's disease",65+,Females,2013,1.09,0.75,1.54,4.44,3.74,5.24,2.28,1.35,3.84
"Northern Canada (NT, NU, YT)","60,61,62","Dementia, including Alzheimer's disease",65+,Males,2013,1.04,0.7,1.51,3.94,3.26,4.74,3.23,1.94,5.37
Newfoundland and Labrador (NL),10,"Dementia, including Alzheimer's disease",65+,Both sexes,2002,1.09,1.01,1.18,3.63,3.48,3.79,4.39,3.77,5.12
Newfoundland and Labrador (NL),10,"Dementia, including Alzheimer's disease",65+,Females,2002,1.08,0.97,1.2,3.92,3.72,4.13,4.08,3.22,5.18
Newfoundland and Labrador (NL),10,"Dementia, including Alzheimer's disease",65+,Males,2002,1.09,0.96,1.24,3.18,2.95,3.41,4.51,3.73,5.46
Newfoundland and Labrador (NL),10,"Dementia, including Alzheimer's disease",65+,Both sexes,2003,0.93,0.85,1.01,3.55,3.4,3.7,4.25,3.6,5.02
Newfoundland and Labrador (NL),10,"Dementia, including Alzheimer's disease",65+,Females,2003,0.99,0.89,1.1,3.91,3.71,4.12,4.87,3.83,6.19
Newfoundland and Labrador (NL),10,"Dementia, including Alzheimer's disease",65+,Males,2003,0.85,0.73,0.97,3,2.78,3.22,3.75,3,4.69
Newfoundland and Labrador (NL),10,"Dementia, including Alzheimer's disease",65+,Both sexes,2004,0.98,0.91,1.07,3.57,3.42,3.72,4.04,3.42,4.77
Newfoundland and Labrador (NL),10,"Dementia, including Alzheimer's disease",65+,Females,2004,1.01,0.91,1.12,3.88,3.68,4.08,4.25,3.28,5.5
Newfoundland and Labrador (NL),10,"Dementia, including Alzheimer's disease",65+,Males,2004,0.93,0.81,1.06,3.07,2.85,3.29,3.84,3.11,4.74
Newfoundland and Labrador (NL),10,"Dementia, including Alzheimer's disease",65+,Both sexes,2005,0.84,0.77,0.92,3.44,3.3,3.59,3.73,3.16,4.39
Newfoundland and Labrador (NL),10,"Dementia, including Alzheimer's disease",65+,Females,2005,0.93,0.84,1.04,3.84,3.64,4.04,3.67,2.94,4.59
Newfoundland and Labrador (NL),10,"Dementia, including Alzheimer's disease",65+,Males,2005,0.7,0.6,0.81,2.81,2.6,3.02,3.63,2.91,4.54
Newfoundland and Labrador (NL),10,"Dementia, including Alzheimer's disease",65+,Both sexes,2006,1.01,0.94,1.1,3.54,3.39,3.68,3.92,3.38,4.56
Newfoundland and Labrador (NL),10,"Dementia, including Alzheimer's disease",65+,Females,2006,1.03,0.93,1.14,3.89,3.69,4.09,3.77,3.07,4.63
Newfoundland and Labrador (NL),10,"Dementia, including Alzheimer's disease",65+,Males,2006,0.98,0.86,1.11,2.98,2.78,3.21,3.94,3.2,4.84
Newfoundland and Labrador (NL),10,"Dementia, including Alzheimer's disease",65+,Both sexes,2007,1.04,0.96,1.12,3.57,3.43,3.72,4.43,3.8,5.16
Newfoundland and Labrador (NL),10,"Dementia, including Alzheimer's disease",65+,Females,2007,1.12,1.01,1.23,3.95,3.76,4.15,4.97,3.99,6.19
Newfoundland and Labrador (NL),10,"Dementia, including Alzheimer's disease",65+,Males,2007,0.93,0.81,1.06,2.98,2.77,3.2,3.98,3.23,4.92
Newfoundland and Labrador (NL),10,"Dementia, including Alzheimer's disease",65+,Both sexes,2008,0.96,0.89,1.03,3.17,3.05,3.3,4.72,4.04,5.52
Newfoundland and Labrador (NL),10,"Dementia, including Alzheimer's disease",65+,Females,2008,1,0.91,1.1,3.51,3.34,3.69,5.27,4.21,6.61
Newfoundland and Labrador (NL),10,"Dementia, including Alzheimer's disease",65+,Males,2008,0.91,0.8,1.02,2.65,2.47,2.84,4.24,3.43,5.25
Newfoundland and Labrador (NL),10,"Dementia, including Alzheimer's disease",65+,Both sexes,2009,1.03,0.96,1.11,3.3,3.17,3.43,4.73,4.06,5.52
Newfoundland and Labrador (NL),10,"Dementia, including Alzheimer's disease",65+,Females,2009,1.06,0.97,1.16,3.61,3.44,3.79,4.79,3.77,6.1
Newfoundland and Labrador (NL),10,"Dementia, including Alzheimer's disease",65+,Males,2009,0.98,0.87,1.1,2.82,2.64,3.01,4.75,3.91,5.78
Newfoundland and Labrador (NL),10,"Dementia, including Alzheimer's disease",65+,Both sexes,2010,0.96,0.89,1.03,3.36,3.23,3.49,5.24,4.47,6.13
Newfoundland and Labrador (NL),10,"Dementia, including Alzheimer's disease",65+,Females,2010,1.01,0.92,1.11,3.71,3.54,3.89,5.56,4.39,7.05
Newfoundland and Labrador (NL),10,"Dementia, including Alzheimer's disease",65+,Males,2010,0.88,0.78,0.99,2.83,2.65,3.02,5.05,4.11,6.2
Newfoundland and Labrador (NL),10,"Dementia, including Alzheimer's disease",65+,Both sexes,2011,0.9,0.83,0.97,3.29,3.16,3.41,4.49,3.87,5.21
Newfoundland and Labrador (NL),10,"Dementia, including Alzheimer's disease",65+,Females,2011,0.97,0.88,1.06,3.69,3.52,3.86,4.32,3.53,5.28
Newfoundland and Labrador (NL),10,"Dementia, including Alzheimer's disease",65+,Males,2011,0.81,0.72,0.92,2.71,2.54,2.89,4.74,3.83,5.87
Newfoundland and Labrador (NL),10,"Dementia, including Alzheimer's disease",65+,Both sexes,2012,0.99,0.93,1.06,3.41,3.29,3.54,5.03,4.36,5.81
Newfoundland and Labrador (NL),10,"Dementia, including Alzheimer's disease",65+,Females,2012,1.06,0.97,1.16,3.84,3.67,4.01,5.17,4.24,6.31
Newfoundland and Labrador (NL),10,"Dementia, including Alzheimer's disease",65+,Males,2012,0.9,0.8,1,2.81,2.63,2.99,5.07,4.13,6.23
Newfoundland and Labrador (NL),10,"Dementia, including Alzheimer's disease",65+,Both sexes,2013,0.97,0.91,1.04,3.43,3.31,3.56,4.86,4.19,5.63
Newfoundland and Labrador (NL),10,"Dementia, including Alzheimer's disease",65+,Females,2013,1.09,1,1.19,3.93,3.76,4.11,5.46,4.44,6.72
Newfoundland and Labrador (NL),10,"Dementia, including Alzheimer's disease",65+,Males,2013,0.8,0.71,0.9,2.71,2.54,2.88,4.41,3.59,5.42
Prince Edward Island (PE),11,"Dementia, including Alzheimer's disease",65+,Both sexes,2002,1.37,1.21,1.55,3.84,3.58,4.11,4.84,3.36,6.96
Prince Edward Island (PE),11,"Dementia, including Alzheimer's disease",65+,Females,2002,1.32,1.12,1.54,4.11,3.77,4.47,-,-,-
Prince Edward Island (PE),11,"Dementia, including Alzheimer's disease",65+,Males,2002,1.43,1.17,1.73,3.26,2.88,3.69,3.89,2.53,5.96
Prince Edward Island (PE),11,"Dementia, including Alzheimer's disease",65+,Both sexes,2003,1.27,1.12,1.44,4.17,3.9,4.45,3.41,2.64,4.4
Prince Edward Island (PE),11,"Dementia, including Alzheimer's disease",65+,Females,2003,1.35,1.15,1.58,4.47,4.11,4.85,3.57,2.52,5.05
Prince Edward Island (PE),11,"Dementia, including Alzheimer's disease",65+,Males,2003,1.15,0.93,1.43,3.61,3.2,4.05,3.3,2.31,4.72
Prince Edward Island (PE),11,"Dementia, including Alzheimer's disease",65+,Both sexes,2004,1.06,0.92,1.21,4.17,3.9,4.46,3.79,2.91,4.95
Prince Edward Island (PE),11,"Dementia, including Alzheimer's disease",65+,Females,2004,1.04,0.87,1.25,4.47,4.11,4.85,3.74,2.59,5.41
Prince Edward Island (PE),11,"Dementia, including Alzheimer's disease",65+,Males,2004,1.15,0.92,1.43,3.67,3.26,4.12,3.87,2.63,5.7
Prince Edward Island (PE),11,"Dementia, including Alzheimer's disease",65+,Both sexes,2005,1.42,1.26,1.6,4.49,4.21,4.78,4.9,3.48,6.89
Prince Edward Island (PE),11,"Dementia, including Alzheimer's disease",65+,Females,2005,1.49,1.28,1.72,4.85,4.49,5.25,6.18,4.01,9.53
Prince Edward Island (PE),11,"Dementia, including Alzheimer's disease",65+,Males,2005,1.31,1.07,1.59,3.9,3.48,4.35,3.45,1.98,6.03
Prince Edward Island (PE),11,"Dementia, including Alzheimer's disease",65+,Both sexes,2006,1.43,1.27,1.6,4.85,4.57,5.15,3.5,2.6,4.71
Prince Edward Island (PE),11,"Dementia, including Alzheimer's disease",65+,Females,2006,1.41,1.21,1.63,5.08,4.71,5.48,3.28,2.44,4.43
Prince Edward Island (PE),11,"Dementia, including Alzheimer's disease",65+,Males,2006,1.45,1.19,1.74,4.44,3.99,4.92,3.69,2.38,5.74
Prince Edward Island (PE),11,"Dementia, including Alzheimer's disease",65+,Both sexes,2007,1.44,1.28,1.61,5.13,4.84,5.43,3.69,2.72,5
Prince Edward Island (PE),11,"Dementia, including Alzheimer's disease",65+,Females,2007,1.44,1.24,1.67,5.39,5.01,5.79,4.37,2.84,6.72
Prince Edward Island (PE),11,"Dementia, including Alzheimer's disease",65+,Males,2007,1.43,1.18,1.72,4.65,4.2,5.13,3.07,2,4.72
Prince Edward Island (PE),11,"Dementia, including Alzheimer's disease",65+,Both sexes,2008,1.56,1.4,1.74,5.52,5.22,5.83,3.8,2.84,5.08
Prince Edward Island (PE),11,"Dementia, including Alzheimer's disease",65+,Females,2008,1.54,1.34,1.78,5.69,5.31,6.1,4.7,3.11,7.09
Prince Edward Island (PE),11,"Dementia, including Alzheimer's disease",65+,Males,2008,1.59,1.33,1.9,5.17,4.71,5.67,2.94,2.18,3.97
Prince Edward Island (PE),11,"Dementia, including Alzheimer's disease",65+,Both sexes,2009,2.31,2.11,2.52,6.54,6.22,6.88,2.81,2.1,3.75
Prince Edward Island (PE),11,"Dementia, including Alzheimer's disease",65+,Females,2009,2.33,2.08,2.61,6.77,6.35,7.21,2.64,1.76,3.95
Prince Edward Island (PE),11,"Dementia, including Alzheimer's disease",65+,Males,2009,2.24,1.93,2.59,6.09,5.59,6.62,2.89,1.92,4.33
Prince Edward Island (PE),11,"Dementia, including Alzheimer's disease",65+,Both sexes,2010,1.74,1.56,1.92,6.97,6.65,7.31,3.18,2.54,3.98
Prince Edward Island (PE),11,"Dementia, including Alzheimer's disease",65+,Females,2010,1.91,1.68,2.17,7.37,6.94,7.82,3.59,2.73,4.72
Prince Edward Island (PE),11,"Dementia, including Alzheimer's disease",65+,Males,2010,1.47,1.22,1.75,6.31,5.81,6.84,2.88,2.01,4.13
Prince Edward Island (PE),11,"Dementia, including Alzheimer's disease",65+,Both sexes,2011,1.61,1.45,1.79,7.01,6.69,7.34,3.92,3.12,4.93
Prince Edward Island (PE),11,"Dementia, including Alzheimer's disease",65+,Females,2011,1.77,1.55,2.02,7.52,7.09,7.98,4.46,3.16,6.3
Prince Edward Island (PE),11,"Dementia, including Alzheimer's disease",65+,Males,2011,1.42,1.18,1.69,6.25,5.77,6.76,3.51,2.64,4.65
Prince Edward Island (PE),11,"Dementia, including Alzheimer's disease",65+,Both sexes,2012,1.5,1.35,1.67,6.93,6.61,7.25,5,4.05,6.18
Prince Edward Island (PE),11,"Dementia, including Alzheimer's disease",65+,Females,2012,1.47,1.28,1.69,7.44,7.02,7.88,5.21,3.91,6.95
Prince Edward Island (PE),11,"Dementia, including Alzheimer's disease",65+,Males,2012,1.55,1.3,1.82,6.17,5.7,6.67,4.81,3.56,6.49
Prince Edward Island (PE),11,"Dementia, including Alzheimer's disease",65+,Both sexes,2013,1.51,1.35,1.67,6.72,6.41,7.03,3.61,2.9,4.5
Prince Edward Island (PE),11,"Dementia, including Alzheimer's disease",65+,Females,2013,1.59,1.39,1.81,7.28,6.87,7.72,3.9,2.89,5.27
Prince Edward Island (PE),11,"Dementia, including Alzheimer's disease",65+,Males,2013,1.39,1.16,1.65,5.88,5.43,6.36,3.38,2.44,4.68
Nova Scotia (NS),12,"Dementia, including Alzheimer's disease",65+,Both sexes,2002,1.3,1.24,1.36,4.16,4.06,4.27,4.23,3.76,4.76
Nova Scotia (NS),12,"Dementia, including Alzheimer's disease",65+,Females,2002,1.32,1.24,1.4,4.41,4.27,4.55,4.34,3.64,5.19
Nova Scotia (NS),12,"Dementia, including Alzheimer's disease",65+,Males,2002,1.27,1.18,1.38,3.73,3.57,3.89,4.02,3.45,4.69
Nova Scotia (NS),12,"Dementia, including Alzheimer's disease",65+,Both sexes,2003,1.67,1.6,1.73,4.71,4.6,4.82,3.71,3.3,4.17
Nova Scotia (NS),12,"Dementia, including Alzheimer's disease",65+,Females,2003,1.78,1.69,1.88,5.04,4.89,5.19,3.98,3.33,4.76
Nova Scotia (NS),12,"Dementia, including Alzheimer's disease",65+,Males,2003,1.47,1.37,1.58,4.13,3.96,4.31,3.5,3.01,4.07
Nova Scotia (NS),12,"Dementia, including Alzheimer's disease",65+,Both sexes,2004,1.62,1.56,1.69,5.18,5.07,5.3,3.86,3.45,4.32
Nova Scotia (NS),12,"Dementia, including Alzheimer's disease",65+,Females,2004,1.75,1.66,1.84,5.61,5.45,5.77,3.82,3.27,4.47
Nova Scotia (NS),12,"Dementia, including Alzheimer's disease",65+,Males,2004,1.44,1.34,1.55,4.48,4.31,4.66,3.92,3.37,4.57
Nova Scotia (NS),12,"Dementia, including Alzheimer's disease",65+,Both sexes,2005,1.47,1.41,1.54,5.4,5.28,5.52,3.61,3.23,4.03
Nova Scotia (NS),12,"Dementia, including Alzheimer's disease",65+,Females,2005,1.55,1.47,1.64,5.88,5.72,6.04,3.78,3.21,4.46
Nova Scotia (NS),12,"Dementia, including Alzheimer's disease",65+,Males,2005,1.35,1.25,1.45,4.61,4.44,4.79,3.51,3.04,4.05
Nova Scotia (NS),12,"Dementia, including Alzheimer's disease",65+,Both sexes,2006,1.51,1.44,1.57,5.68,5.56,5.8,3.37,3.05,3.72
Nova Scotia (NS),12,"Dementia, including Alzheimer's disease",65+,Females,2006,1.58,1.49,1.67,6.19,6.03,6.35,3.53,3.07,4.07
Nova Scotia (NS),12,"Dementia, including Alzheimer's disease",65+,Males,2006,1.4,1.3,1.5,4.84,4.66,5.02,3.32,2.9,3.81
Nova Scotia (NS),12,"Dementia, including Alzheimer's disease",65+,Both sexes,2007,1.52,1.46,1.59,5.88,5.76,6,4.08,3.67,4.54
Nova Scotia (NS),12,"Dementia, including Alzheimer's disease",65+,Females,2007,1.64,1.56,1.73,6.46,6.3,6.63,4.14,3.57,4.81
Nova Scotia (NS),12,"Dementia, including Alzheimer's disease",65+,Males,2007,1.33,1.24,1.43,4.91,4.73,5.09,4.11,3.56,4.74
Nova Scotia (NS),12,"Dementia, including Alzheimer's disease",65+,Both sexes,2008,1.55,1.49,1.62,6.04,5.92,6.17,3.66,3.31,4.05
Nova Scotia (NS),12,"Dementia, including Alzheimer's disease",65+,Females,2008,1.67,1.58,1.76,6.69,6.53,6.86,4.11,3.55,4.76
Nova Scotia (NS),12,"Dementia, including Alzheimer's disease",65+,Males,2008,1.37,1.27,1.47,4.96,4.79,5.14,3.36,2.92,3.85
Nova Scotia (NS),12,"Dementia, including Alzheimer's disease",65+,Both sexes,2009,1.57,1.51,1.63,6.23,6.11,6.35,4.08,3.69,4.51
Nova Scotia (NS),12,"Dementia, including Alzheimer's disease",65+,Females,2009,1.64,1.56,1.73,6.86,6.7,7.03,4.46,3.87,5.15
Nova Scotia (NS),12,"Dementia, including Alzheimer's disease",65+,Males,2009,1.47,1.37,1.57,5.21,5.03,5.39,3.85,3.36,4.41
Nova Scotia (NS),12,"Dementia, including Alzheimer's disease",65+,Both sexes,2010,1.56,1.5,1.62,6.34,6.22,6.46,3.68,3.35,4.05
Nova Scotia (NS),12,"Dementia, including Alzheimer's disease",65+,Females,2010,1.61,1.52,1.69,6.95,6.78,7.11,3.87,3.37,4.45
Nova Scotia (NS),12,"Dementia, including Alzheimer's disease",65+,Males,2010,1.48,1.39,1.58,5.34,5.17,5.52,3.59,3.17,4.07
Nova Scotia (NS),12,"Dementia, including Alzheimer's disease",65+,Both sexes,2011,1.53,1.47,1.59,6.37,6.26,6.5,4.24,3.86,4.67
Nova Scotia (NS),12,"Dementia, including Alzheimer's disease",65+,Females,2011,1.58,1.5,1.66,6.98,6.82,7.14,4.32,3.78,4.94
Nova Scotia (NS),12,"Dementia, including Alzheimer's disease",65+,Males,2011,1.44,1.34,1.53,5.39,5.22,5.57,4.17,3.66,4.75
Nova Scotia (NS),12,"Dementia, including Alzheimer's disease",65+,Both sexes,2012,1.5,1.44,1.56,6.35,6.23,6.47,4.31,3.92,4.74
Nova Scotia (NS),12,"Dementia, including Alzheimer's disease",65+,Females,2012,1.62,1.54,1.71,7.01,6.85,7.17,4.08,3.56,4.67
Nova Scotia (NS),12,"Dementia, including Alzheimer's disease",65+,Males,2012,1.32,1.23,1.41,5.3,5.13,5.47,4.51,3.98,5.12
Nova Scotia (NS),12,"Dementia, including Alzheimer's disease",65+,Both sexes,2013,1.37,1.32,1.43,6.23,6.12,6.35,4.15,3.8,4.54
Nova Scotia (NS),12,"Dementia, including Alzheimer's disease",65+,Females,2013,1.47,1.4,1.55,6.92,6.76,7.08,4.28,3.77,4.85
Nova Scotia (NS),12,"Dementia, including Alzheimer's disease",65+,Males,2013,1.22,1.14,1.31,5.15,4.98,5.32,4.11,3.64,4.65
New Brunswick (NB),13,"Dementia, including Alzheimer's disease",65+,Both sexes,2002,1.26,1.19,1.33,4.35,4.23,4.48,4.15,3.58,4.8
New Brunswick (NB),13,"Dementia, including Alzheimer's disease",65+,Females,2002,1.29,1.2,1.38,4.68,4.52,4.85,4.88,3.9,6.11
New Brunswick (NB),13,"Dementia, including Alzheimer's disease",65+,Males,2002,1.21,1.11,1.33,3.8,3.62,4,3.59,3,4.3
New Brunswick (NB),13,"Dementia, including Alzheimer's disease",65+,Both sexes,2003,1.36,1.29,1.43,4.63,4.51,4.76,3.62,3.17,4.13
New Brunswick (NB),13,"Dementia, including Alzheimer's disease",65+,Females,2003,1.42,1.33,1.52,5.01,4.84,5.18,3.86,3.16,4.7
New Brunswick (NB),13,"Dementia, including Alzheimer's disease",65+,Males,2003,1.25,1.14,1.37,4.02,3.83,4.21,3.51,2.97,4.15
New Brunswick (NB),13,"Dementia, including Alzheimer's disease",65+,Both sexes,2004,1.17,1.1,1.23,4.68,4.56,4.81,3.91,3.4,4.5
New Brunswick (NB),13,"Dementia, including Alzheimer's disease",65+,Females,2004,1.18,1.1,1.27,5.08,4.91,5.25,4.67,3.82,5.71
New Brunswick (NB),13,"Dementia, including Alzheimer's disease",65+,Males,2004,1.16,1.06,1.27,4.04,3.85,4.23,3.32,2.76,3.99
New Brunswick (NB),13,"Dementia, including Alzheimer's disease",65+,Both sexes,2005,1.12,1.05,1.18,4.64,4.52,4.76,3.7,3.21,4.26
New Brunswick (NB),13,"Dementia, including Alzheimer's disease",65+,Females,2005,1.16,1.08,1.25,5.04,4.88,5.21,3.89,3.2,4.74
New Brunswick (NB),13,"Dementia, including Alzheimer's disease",65+,Males,2005,1.06,0.96,1.16,4,3.81,4.19,3.57,2.93,4.35
New Brunswick (NB),13,"Dementia, including Alzheimer's disease",65+,Both sexes,2006,1.17,1.11,1.24,4.77,4.65,4.9,4.45,3.88,5.09
New Brunswick (NB),13,"Dementia, including Alzheimer's disease",65+,Females,2006,1.2,1.12,1.29,5.17,5,5.34,4.06,3.34,4.94
New Brunswick (NB),13,"Dementia, including Alzheimer's disease",65+,Males,2006,1.13,1.03,1.23,4.12,3.93,4.31,4.82,4.02,5.77
New Brunswick (NB),13,"Dementia, including Alzheimer's disease",65+,Both sexes,2007,1.23,1.17,1.3,4.82,4.7,4.95,3.96,3.49,4.49
New Brunswick (NB),13,"Dementia, including Alzheimer's disease",65+,Females,2007,1.3,1.22,1.39,5.3,5.13,5.47,4.23,3.53,5.07
New Brunswick (NB),13,"Dementia, including Alzheimer's disease",65+,Males,2007,1.13,1.03,1.23,4.07,3.89,4.26,3.77,3.18,4.46
New Brunswick (NB),13,"Dementia, including Alzheimer's disease",65+,Both sexes,2008,1.2,1.13,1.26,4.88,4.76,5,4.28,3.75,4.9
New Brunswick (NB),13,"Dementia, including Alzheimer's disease",65+,Females,2008,1.24,1.16,1.32,5.33,5.17,5.5,5.22,4.29,6.34
New Brunswick (NB),13,"Dementia, including Alzheimer's disease",65+,Males,2008,1.14,1.04,1.24,4.16,3.98,4.35,3.62,3.04,4.32
New Brunswick (NB),13,"Dementia, including Alzheimer's disease",65+,Both sexes,2009,1.2,1.14,1.27,4.92,4.8,5.05,3.81,3.35,4.32
New Brunswick (NB),13,"Dementia, including Alzheimer's disease",65+,Females,2009,1.24,1.16,1.33,5.35,5.19,5.52,3.66,3.02,4.43
New Brunswick (NB),13,"Dementia, including Alzheimer's disease",65+,Males,2009,1.12,1.02,1.22,4.21,4.03,4.4,3.93,3.35,4.61
New Brunswick (NB),13,"Dementia, including Alzheimer's disease",65+,Both sexes,2010,1.31,1.24,1.38,5.06,4.93,5.18,3.69,3.23,4.21
New Brunswick (NB),13,"Dementia, including Alzheimer's disease",65+,Females,2010,1.34,1.26,1.43,5.49,5.33,5.66,3.77,3.11,4.58
New Brunswick (NB),13,"Dementia, including Alzheimer's disease",65+,Males,2010,1.26,1.16,1.37,4.32,4.14,4.51,3.66,3.07,4.35
New Brunswick (NB),13,"Dementia, including Alzheimer's disease",65+,Both sexes,2011,1.46,1.4,1.53,5.29,5.16,5.41,3.88,3.43,4.39
New Brunswick (NB),13,"Dementia, including Alzheimer's disease",65+,Females,2011,1.54,1.45,1.64,5.77,5.6,5.94,4.53,3.69,5.54
New Brunswick (NB),13,"Dementia, including Alzheimer's disease",65+,Males,2011,1.36,1.25,1.46,4.51,4.33,4.7,3.49,3,4.05
New Brunswick (NB),13,"Dementia, including Alzheimer's disease",65+,Both sexes,2012,1.4,1.33,1.47,5.47,5.35,5.6,4.37,3.89,4.92
New Brunswick (NB),13,"Dementia, including Alzheimer's disease",65+,Females,2012,1.47,1.39,1.57,5.99,5.82,6.16,4.42,3.72,5.25
New Brunswick (NB),13,"Dementia, including Alzheimer's disease",65+,Males,2012,1.29,1.2,1.4,4.66,4.48,4.84,4.24,3.62,4.96
New Brunswick (NB),13,"Dementia, including Alzheimer's disease",65+,Both sexes,2013,1.41,1.35,1.48,5.62,5.5,5.75,4.2,3.76,4.69
New Brunswick (NB),13,"Dementia, including Alzheimer's disease",65+,Females,2013,1.41,1.33,1.5,6.06,5.9,6.23,4.62,3.91,5.45
New Brunswick (NB),13,"Dementia, including Alzheimer's disease",65+,Males,2013,1.41,1.31,1.52,4.93,4.75,5.12,3.86,3.33,4.47
Quebec,24,"Dementia, including Alzheimer's disease",65+,Both sexes,2002,1.56,1.54,1.59,5.26,5.21,5.31,3.53,3.39,3.68
Quebec,24,"Dementia, including Alzheimer's disease",65+,Females,2002,1.62,1.59,1.66,5.67,5.61,5.73,3.69,3.48,3.92
Quebec,24,"Dementia, including Alzheimer's disease",65+,Males,2002,1.46,1.41,1.5,4.5,4.43,4.57,3.41,3.22,3.6
Quebec,24,"Dementia, including Alzheimer's disease",65+,Both sexes,2003,1.55,1.52,1.57,5.58,5.53,5.62,3.59,3.45,3.74
Quebec,24,"Dementia, including Alzheimer's disease",65+,Females,2003,1.6,1.56,1.63,6.01,5.95,6.07,3.67,3.46,3.9
Quebec,24,"Dementia, including Alzheimer's disease",65+,Males,2003,1.46,1.42,1.5,4.78,4.71,4.85,3.53,3.34,3.73
Quebec,24,"Dementia, including Alzheimer's disease",65+,Both sexes,2004,1.55,1.52,1.57,5.83,5.78,5.87,3.62,3.47,3.77
Quebec,24,"Dementia, including Alzheimer's disease",65+,Females,2004,1.59,1.56,1.62,6.28,6.22,6.34,3.64,3.44,3.85
Quebec,24,"Dementia, including Alzheimer's disease",65+,Males,2004,1.47,1.43,1.51,5.01,4.94,5.08,3.62,3.42,3.82
Quebec,24,"Dementia, including Alzheimer's disease",65+,Both sexes,2005,1.52,1.5,1.55,6.01,5.97,6.06,3.49,3.35,3.64
Quebec,24,"Dementia, including Alzheimer's disease",65+,Females,2005,1.58,1.55,1.61,6.5,6.44,6.57,3.63,3.42,3.84
Quebec,24,"Dementia, including Alzheimer's disease",65+,Males,2005,1.43,1.39,1.47,5.15,5.07,5.22,3.39,3.2,3.58
Quebec,24,"Dementia, including Alzheimer's disease",65+,Both sexes,2006,1.69,1.66,1.72,6.37,6.32,6.41,3.78,3.64,3.94
Quebec,24,"Dementia, including Alzheimer's disease",65+,Females,2006,1.73,1.69,1.76,6.86,6.79,6.92,3.87,3.66,4.09
Quebec,24,"Dementia, including Alzheimer's disease",65+,Males,2006,1.63,1.59,1.67,5.52,5.45,5.59,3.72,3.53,3.92
Quebec,24,"Dementia, including Alzheimer's disease",65+,Both sexes,2007,1.67,1.64,1.69,6.57,6.52,6.62,3.83,3.68,3.98
Quebec,24,"Dementia, including Alzheimer's disease",65+,Females,2007,1.72,1.68,1.75,7.08,7.02,7.14,4.09,3.87,4.33
Quebec,24,"Dementia, including Alzheimer's disease",65+,Males,2007,1.58,1.54,1.62,5.69,5.62,5.76,3.59,3.41,3.79
Quebec,24,"Dementia, including Alzheimer's disease",65+,Both sexes,2008,1.67,1.65,1.7,6.77,6.72,6.82,3.81,3.67,3.96
Quebec,24,"Dementia, including Alzheimer's disease",65+,Females,2008,1.75,1.71,1.78,7.3,7.24,7.36,3.96,3.75,4.18
Quebec,24,"Dementia, including Alzheimer's disease",65+,Males,2008,1.55,1.52,1.59,5.86,5.79,5.93,3.69,3.51,3.88
Quebec,24,"Dementia, including Alzheimer's disease",65+,Both sexes,2009,1.7,1.68,1.73,6.94,6.89,6.98,3.83,3.69,3.97
Quebec,24,"Dementia, including Alzheimer's disease",65+,Females,2009,1.79,1.76,1.83,7.51,7.45,7.57,4.05,3.84,4.27
Quebec,24,"Dementia, including Alzheimer's disease",65+,Males,2009,1.55,1.51,1.59,5.96,5.89,6.03,3.64,3.46,3.83
Quebec,24,"Dementia, including Alzheimer's disease",65+,Both sexes,2010,1.66,1.64,1.69,7.05,7.01,7.1,3.83,3.7,3.97
Quebec,24,"Dementia, including Alzheimer's disease",65+,Females,2010,1.77,1.74,1.8,7.67,7.61,7.73,3.88,3.69,4.08
Quebec,24,"Dementia, including Alzheimer's disease",65+,Males,2010,1.49,1.46,1.53,6.02,5.95,6.09,3.81,3.63,4
Quebec,24,"Dementia, including Alzheimer's disease",65+,Both sexes,2011,1.68,1.66,1.71,7.13,7.09,7.18,3.87,3.73,4.01
Quebec,24,"Dementia, including Alzheimer's disease",65+,Females,2011,1.76,1.73,1.79,7.76,7.69,7.82,4.02,3.82,4.23
Quebec,24,"Dementia, including Alzheimer's disease",65+,Males,2011,1.57,1.53,1.6,6.1,6.03,6.16,3.77,3.59,3.96
Quebec,24,"Dementia, including Alzheimer's disease",65+,Both sexes,2012,1.62,1.6,1.65,7.18,7.14,7.23,3.83,3.7,3.96
Quebec,24,"Dementia, including Alzheimer's disease",65+,Females,2012,1.68,1.65,1.71,7.81,7.75,7.87,3.93,3.75,4.13
Quebec,24,"Dementia, including Alzheimer's disease",65+,Males,2012,1.53,1.5,1.57,6.16,6.09,6.23,3.77,3.6,3.96
Quebec,24,"Dementia, including Alzheimer's disease",65+,Both sexes,2013,1.61,1.59,1.64,7.22,7.18,7.26,3.92,3.78,4.06
Quebec,24,"Dementia, including Alzheimer's disease",65+,Females,2013,1.68,1.65,1.71,7.85,7.79,7.91,3.99,3.8,4.19
Quebec,24,"Dementia, including Alzheimer's disease",65+,Males,2013,1.51,1.48,1.54,6.2,6.13,6.26,3.87,3.69,4.06
Ontario,35,"Dementia, including Alzheimer's disease",65+,Both sexes,2002,1.77,1.75,1.79,6,5.96,6.04,3.96,3.84,4.08
Ontario,35,"Dementia, including Alzheimer's disease",65+,Females,2002,1.86,1.83,1.88,6.56,6.51,6.62,4.07,3.9,4.26
Ontario,35,"Dementia, including Alzheimer's disease",65+,Males,2002,1.62,1.59,1.65,5.05,4.99,5.1,3.91,3.76,4.07
Ontario,35,"Dementia, including Alzheimer's disease",65+,Both sexes,2003,1.71,1.69,1.73,6.3,6.26,6.33,3.92,3.8,4.04
Ontario,35,"Dementia, including Alzheimer's disease",65+,Females,2003,1.79,1.77,1.82,6.87,6.82,6.92,4.13,3.95,4.32
Ontario,35,"Dementia, including Alzheimer's disease",65+,Males,2003,1.58,1.55,1.61,5.34,5.29,5.4,3.79,3.64,3.94
Ontario,35,"Dementia, including Alzheimer's disease",65+,Both sexes,2004,1.68,1.66,1.7,6.55,6.51,6.59,3.93,3.81,4.04
Ontario,35,"Dementia, including Alzheimer's disease",65+,Females,2004,1.76,1.73,1.79,7.13,7.07,7.18,4.07,3.9,4.25
Ontario,35,"Dementia, including Alzheimer's disease",65+,Males,2004,1.55,1.52,1.58,5.6,5.54,5.65,3.84,3.69,3.99
Ontario,35,"Dementia, including Alzheimer's disease",65+,Both sexes,2005,1.61,1.59,1.63,6.71,6.67,6.74,3.96,3.85,4.08
Ontario,35,"Dementia, including Alzheimer's disease",65+,Females,2005,1.7,1.67,1.73,7.3,7.25,7.35,3.98,3.81,4.15
Ontario,35,"Dementia, including Alzheimer's disease",65+,Males,2005,1.47,1.44,1.5,5.74,5.69,5.8,3.98,3.82,4.14
Ontario,35,"Dementia, including Alzheimer's disease",65+,Both sexes,2006,1.62,1.6,1.64,6.87,6.84,6.91,4.08,3.96,4.2
Ontario,35,"Dementia, including Alzheimer's disease",65+,Females,2006,1.7,1.67,1.73,7.47,7.42,7.53,4.26,4.08,4.44
Ontario,35,"Dementia, including Alzheimer's disease",65+,Males,2006,1.5,1.48,1.53,5.91,5.86,5.96,3.97,3.82,4.13
Ontario,35,"Dementia, including Alzheimer's disease",65+,Both sexes,2007,1.58,1.56,1.6,6.95,6.92,6.99,4,3.89,4.12
Ontario,35,"Dementia, including Alzheimer's disease",65+,Females,2007,1.65,1.63,1.68,7.56,7.51,7.6,4.25,4.07,4.44
Ontario,35,"Dementia, including Alzheimer's disease",65+,Males,2007,1.47,1.44,1.5,5.99,5.94,6.05,3.86,3.72,4.01
Ontario,35,"Dementia, including Alzheimer's disease",65+,Both sexes,2008,1.67,1.65,1.69,7.21,7.17,7.25,4,3.89,4.12
Ontario,35,"Dementia, including Alzheimer's disease",65+,Females,2008,1.76,1.73,1.78,7.84,7.79,7.89,4.13,3.96,4.3
Ontario,35,"Dementia, including Alzheimer's disease",65+,Males,2008,1.53,1.5,1.56,6.22,6.17,6.27,3.95,3.8,4.1
Ontario,35,"Dementia, including Alzheimer's disease",65+,Both sexes,2009,1.64,1.62,1.66,7.3,7.27,7.34,3.9,3.79,4
Ontario,35,"Dementia, including Alzheimer's disease",65+,Females,2009,1.74,1.71,1.76,7.96,7.91,8.01,4.05,3.89,4.22
Ontario,35,"Dementia, including Alzheimer's disease",65+,Males,2009,1.49,1.47,1.52,6.29,6.23,6.34,3.81,3.67,3.96
Ontario,35,"Dementia, including Alzheimer's disease",65+,Both sexes,2010,1.6,1.58,1.62,7.37,7.33,7.41,4.02,3.91,4.13
Ontario,35,"Dementia, including Alzheimer's disease",65+,Females,2010,1.68,1.65,1.7,8.03,7.98,8.08,4.23,4.06,4.4
Ontario,35,"Dementia, including Alzheimer's disease",65+,Males,2010,1.48,1.45,1.51,6.37,6.31,6.42,3.89,3.75,4.04
Ontario,35,"Dementia, including Alzheimer's disease",65+,Both sexes,2011,1.55,1.53,1.56,7.36,7.32,7.39,4.02,3.91,4.13
Ontario,35,"Dementia, including Alzheimer's disease",65+,Females,2011,1.62,1.59,1.64,8.01,7.96,8.06,4.22,4.05,4.39
Ontario,35,"Dementia, including Alzheimer's disease",65+,Males,2011,1.44,1.42,1.47,6.37,6.32,6.42,3.9,3.76,4.05
Ontario,35,"Dementia, including Alzheimer's disease",65+,Both sexes,2012,1.52,1.5,1.53,7.36,7.32,7.39,4.13,4.02,4.24
Ontario,35,"Dementia, including Alzheimer's disease",65+,Females,2012,1.61,1.59,1.63,8.02,7.97,8.07,4.33,4.17,4.5
Ontario,35,"Dementia, including Alzheimer's disease",65+,Males,2012,1.39,1.36,1.41,6.37,6.32,6.42,4.01,3.87,4.15
Ontario,35,"Dementia, including Alzheimer's disease",65+,Both sexes,2013,1.47,1.46,1.49,7.32,7.29,7.35,4.36,4.24,4.48
Ontario,35,"Dementia, including Alzheimer's disease",65+,Females,2013,1.55,1.52,1.57,7.97,7.92,8.02,4.53,4.36,4.71
Ontario,35,"Dementia, including Alzheimer's disease",65+,Males,2013,1.37,1.35,1.4,6.36,6.31,6.41,4.24,4.1,4.4
Manitoba,46,"Dementia, including Alzheimer's disease",65+,Both sexes,2002,1.04,0.99,1.09,4.63,4.53,4.73,3.2,2.85,3.6
Manitoba,46,"Dementia, including Alzheimer's disease",65+,Females,2002,1.04,0.98,1.11,4.99,4.86,5.12,3.41,2.85,4.08
Manitoba,46,"Dementia, including Alzheimer's disease",65+,Males,2002,1.02,0.94,1.1,4.01,3.86,4.17,3.06,2.64,3.55
Manitoba,46,"Dementia, including Alzheimer's disease",65+,Both sexes,2003,1.11,1.06,1.16,4.74,4.64,4.84,3.65,3.24,4.11
Manitoba,46,"Dementia, including Alzheimer's disease",65+,Females,2003,1.11,1.04,1.18,5.07,4.94,5.21,3.6,3.03,4.27
Manitoba,46,"Dementia, including Alzheimer's disease",65+,Males,2003,1.1,1.02,1.19,4.18,4.03,4.33,3.61,3.1,4.21
Manitoba,46,"Dementia, including Alzheimer's disease",65+,Both sexes,2004,1.58,1.52,1.64,5.25,5.15,5.36,3.59,3.23,3.99
Manitoba,46,"Dementia, including Alzheimer's disease",65+,Females,2004,1.58,1.5,1.66,5.56,5.43,5.7,4.01,3.42,4.69
Manitoba,46,"Dementia, including Alzheimer's disease",65+,Males,2004,1.58,1.48,1.68,4.71,4.56,4.88,3.26,2.84,3.74
Manitoba,46,"Dementia, including Alzheimer's disease",65+,Both sexes,2005,1.46,1.4,1.52,5.5,5.39,5.61,4.04,3.62,4.5
Manitoba,46,"Dementia, including Alzheimer's disease",65+,Females,2005,1.44,1.37,1.52,5.78,5.64,5.92,4.28,3.63,5.05
Manitoba,46,"Dementia, including Alzheimer's disease",65+,Males,2005,1.47,1.38,1.57,5.01,4.84,5.17,3.8,3.3,4.39
Manitoba,46,"Dementia, including Alzheimer's disease",65+,Both sexes,2006,1.48,1.42,1.54,5.69,5.58,5.8,4.23,3.79,4.73
Manitoba,46,"Dementia, including Alzheimer's disease",65+,Females,2006,1.52,1.45,1.6,6,5.86,6.14,4.68,3.95,5.54
Manitoba,46,"Dementia, including Alzheimer's disease",65+,Males,2006,1.4,1.31,1.49,5.14,4.98,5.31,3.91,3.4,4.49
Manitoba,46,"Dementia, including Alzheimer's disease",65+,Both sexes,2007,1.44,1.39,1.5,5.79,5.68,5.9,3.88,3.48,4.32
Manitoba,46,"Dementia, including Alzheimer's disease",65+,Females,2007,1.48,1.41,1.56,6.14,6,6.29,3.88,3.3,4.56
Manitoba,46,"Dementia, including Alzheimer's disease",65+,Males,2007,1.37,1.29,1.46,5.16,4.99,5.32,3.83,3.33,4.41
Manitoba,46,"Dementia, including Alzheimer's disease",65+,Both sexes,2008,1.48,1.43,1.54,5.95,5.84,6.06,4.29,3.87,4.76
Manitoba,46,"Dementia, including Alzheimer's disease",65+,Females,2008,1.55,1.47,1.62,6.35,6.21,6.5,4.52,3.86,5.3
Manitoba,46,"Dementia, including Alzheimer's disease",65+,Males,2008,1.38,1.29,1.47,5.24,5.08,5.4,4.13,3.62,4.72
Manitoba,46,"Dementia, including Alzheimer's disease",65+,Both sexes,2009,1.49,1.43,1.55,6.03,5.92,6.14,4.41,3.98,4.9
Manitoba,46,"Dementia, including Alzheimer's disease",65+,Females,2009,1.52,1.45,1.6,6.46,6.32,6.61,4.15,3.57,4.83
Manitoba,46,"Dementia, including Alzheimer's disease",65+,Males,2009,1.42,1.33,1.51,5.28,5.12,5.45,4.59,4,5.26
Manitoba,46,"Dementia, including Alzheimer's disease",65+,Both sexes,2010,1.5,1.45,1.56,6.14,6.03,6.25,4.24,3.86,4.67
Manitoba,46,"Dementia, including Alzheimer's disease",65+,Females,2010,1.52,1.45,1.6,6.59,6.45,6.74,4.07,3.56,4.65
Manitoba,46,"Dementia, including Alzheimer's disease",65+,Males,2010,1.47,1.39,1.57,5.39,5.23,5.55,4.37,3.83,4.98
Manitoba,46,"Dementia, including Alzheimer's disease",65+,Both sexes,2011,1.49,1.43,1.55,6.15,6.04,6.25,3.99,3.63,4.38
Manitoba,46,"Dementia, including Alzheimer's disease",65+,Females,2011,1.44,1.37,1.52,6.53,6.38,6.67,3.98,3.49,4.54
Manitoba,46,"Dementia, including Alzheimer's disease",65+,Males,2011,1.54,1.45,1.63,5.49,5.33,5.66,3.99,3.51,4.53
Manitoba,46,"Dementia, including Alzheimer's disease",65+,Both sexes,2012,1.43,1.37,1.48,6.14,6.04,6.25,4.3,3.91,4.72
Manitoba,46,"Dementia, including Alzheimer's disease",65+,Females,2012,1.44,1.37,1.51,6.52,6.38,6.67,4.6,3.99,5.29
Manitoba,46,"Dementia, including Alzheimer's disease",65+,Males,2012,1.4,1.32,1.49,5.49,5.33,5.65,4.03,3.56,4.56
Manitoba,46,"Dementia, including Alzheimer's disease",65+,Both sexes,2013,1.49,1.44,1.55,6.21,6.11,6.32,4.63,4.22,5.07
Manitoba,46,"Dementia, including Alzheimer's disease",65+,Females,2013,1.52,1.44,1.59,6.6,6.46,6.75,4.5,3.89,5.2
Manitoba,46,"Dementia, including Alzheimer's disease",65+,Males,2013,1.45,1.37,1.54,5.56,5.41,5.72,4.74,4.23,5.31
Alberta,48,"Dementia, including Alzheimer's disease",65+,Both sexes,2002,1.8,1.75,1.85,5.67,5.59,5.75,4.92,4.6,5.25
Alberta,48,"Dementia, including Alzheimer's disease",65+,Females,2002,1.78,1.72,1.85,6.02,5.92,6.13,5.07,4.58,5.61
Alberta,48,"Dementia, including Alzheimer's disease",65+,Males,2002,1.8,1.73,1.88,5.05,4.93,5.18,4.73,4.35,5.15
Alberta,48,"Dementia, including Alzheimer's disease",65+,Both sexes,2003,1.77,1.72,1.82,5.92,5.84,6,4.82,4.51,5.15
Alberta,48,"Dementia, including Alzheimer's disease",65+,Females,2003,1.82,1.76,1.88,6.32,6.21,6.43,5.08,4.6,5.6
Alberta,48,"Dementia, including Alzheimer's disease",65+,Males,2003,1.68,1.61,1.76,5.24,5.12,5.37,4.57,4.19,4.99
Alberta,48,"Dementia, including Alzheimer's disease",65+,Both sexes,2004,1.68,1.63,1.72,6.06,5.98,6.14,4.99,4.67,5.33
Alberta,48,"Dementia, including Alzheimer's disease",65+,Females,2004,1.7,1.64,1.76,6.45,6.35,6.56,5.42,4.91,5.97
Alberta,48,"Dementia, including Alzheimer's disease",65+,Males,2004,1.63,1.56,1.7,5.37,5.25,5.5,4.58,4.2,5
Alberta,48,"Dementia, including Alzheimer's disease",65+,Both sexes,2005,1.69,1.64,1.73,6.17,6.09,6.25,4.98,4.66,5.33
Alberta,48,"Dementia, including Alzheimer's disease",65+,Females,2005,1.71,1.65,1.77,6.55,6.45,6.66,5.42,4.9,6.01
Alberta,48,"Dementia, including Alzheimer's disease",65+,Males,2005,1.64,1.57,1.71,5.51,5.39,5.64,4.59,4.21,5.01
Alberta,48,"Dementia, including Alzheimer's disease",65+,Both sexes,2006,1.65,1.61,1.7,6.26,6.19,6.34,5.09,4.77,5.42
Alberta,48,"Dementia, including Alzheimer's disease",65+,Females,2006,1.7,1.64,1.76,6.67,6.57,6.78,5.42,4.93,5.95
Alberta,48,"Dementia, including Alzheimer's disease",65+,Males,2006,1.57,1.5,1.64,5.58,5.46,5.7,4.79,4.4,5.21
Alberta,48,"Dementia, including Alzheimer's disease",65+,Both sexes,2007,1.65,1.61,1.7,6.32,6.25,6.4,4.92,4.62,5.24
Alberta,48,"Dementia, including Alzheimer's disease",65+,Females,2007,1.69,1.63,1.74,6.75,6.64,6.86,5.35,4.88,5.87
Alberta,48,"Dementia, including Alzheimer's disease",65+,Males,2007,1.59,1.53,1.66,5.62,5.51,5.74,4.54,4.17,4.95
Alberta,48,"Dementia, including Alzheimer's disease",65+,Both sexes,2008,1.67,1.63,1.72,6.4,6.32,6.48,5.08,4.78,5.4
Alberta,48,"Dementia, including Alzheimer's disease",65+,Females,2008,1.76,1.71,1.82,6.87,6.76,6.97,5.36,4.91,5.85
Alberta,48,"Dementia, including Alzheimer's disease",65+,Males,2008,1.53,1.47,1.59,5.64,5.53,5.76,4.83,4.45,5.24
Alberta,48,"Dementia, including Alzheimer's disease",65+,Both sexes,2009,2.27,2.22,2.32,6.92,6.85,7,4.4,4.14,4.67
Alberta,48,"Dementia, including Alzheimer's disease",65+,Females,2009,2.4,2.34,2.47,7.46,7.35,7.57,4.43,4.06,4.85
Alberta,48,"Dementia, including Alzheimer's disease",65+,Males,2009,2.07,2,2.14,6.08,5.96,6.19,4.38,4.05,4.74
Alberta,48,"Dementia, including Alzheimer's disease",65+,Both sexes,2010,1.71,1.67,1.76,6.98,6.91,7.06,4.39,4.15,4.65
Alberta,48,"Dementia, including Alzheimer's disease",65+,Females,2010,1.8,1.75,1.86,7.57,7.46,7.68,4.69,4.31,5.12
Alberta,48,"Dementia, including Alzheimer's disease",65+,Males,2010,1.58,1.52,1.64,6.08,5.96,6.19,4.19,3.89,4.51
Alberta,48,"Dementia, including Alzheimer's disease",65+,Both sexes,2011,1.75,1.71,1.79,7.03,6.96,7.11,4.57,4.32,4.83
Alberta,48,"Dementia, including Alzheimer's disease",65+,Females,2011,1.86,1.81,1.92,7.67,7.57,7.78,4.73,4.34,5.16
Alberta,48,"Dementia, including Alzheimer's disease",65+,Males,2011,1.6,1.54,1.66,6.07,5.96,6.18,4.5,4.18,4.85
Alberta,48,"Dementia, including Alzheimer's disease",65+,Both sexes,2012,1.7,1.66,1.74,7.05,6.98,7.13,4.56,4.32,4.82
Alberta,48,"Dementia, including Alzheimer's disease",65+,Females,2012,1.8,1.75,1.86,7.73,7.62,7.83,4.77,4.4,5.18
Alberta,48,"Dementia, including Alzheimer's disease",65+,Males,2012,1.56,1.5,1.61,6.04,5.94,6.15,4.42,4.11,4.76
Alberta,48,"Dementia, including Alzheimer's disease",65+,Both sexes,2013,1.58,1.55,1.62,6.98,6.91,7.06,4.6,4.36,4.85
Alberta,48,"Dementia, including Alzheimer's disease",65+,Females,2013,1.67,1.62,1.73,7.67,7.57,7.78,4.94,4.55,5.36
Alberta,48,"Dementia, including Alzheimer's disease",65+,Males,2013,1.45,1.4,1.51,5.97,5.87,6.08,4.37,4.08,4.69
British Columbia,59,"Dementia, including Alzheimer's disease",65+,Both sexes,2002,1.35,1.32,1.38,4.69,4.64,4.75,3.81,3.59,4.04
British Columbia,59,"Dementia, including Alzheimer's disease",65+,Females,2002,1.37,1.33,1.41,5.04,4.96,5.11,3.92,3.59,4.28
British Columbia,59,"Dementia, including Alzheimer's disease",65+,Males,2002,1.32,1.27,1.37,4.16,4.07,4.24,3.72,3.44,4.02
British Columbia,59,"Dementia, including Alzheimer's disease",65+,Both sexes,2003,1.34,1.31,1.37,4.96,4.91,5.02,3.73,3.52,3.94
British Columbia,59,"Dementia, including Alzheimer's disease",65+,Females,2003,1.38,1.34,1.42,5.32,5.24,5.39,3.61,3.33,3.92
British Columbia,59,"Dementia, including Alzheimer's disease",65+,Males,2003,1.28,1.23,1.32,4.41,4.33,4.5,3.78,3.51,4.07
British Columbia,59,"Dementia, including Alzheimer's disease",65+,Both sexes,2004,1.32,1.29,1.35,5.15,5.1,5.21,4.19,3.96,4.43
British Columbia,59,"Dementia, including Alzheimer's disease",65+,Females,2004,1.36,1.32,1.4,5.51,5.44,5.59,4.31,3.97,4.67
British Columbia,59,"Dementia, including Alzheimer's disease",65+,Males,2004,1.27,1.22,1.31,4.61,4.52,4.69,4.06,3.77,4.38
British Columbia,59,"Dementia, including Alzheimer's disease",65+,Both sexes,2005,1.31,1.28,1.34,5.27,5.22,5.33,4.11,3.89,4.34
British Columbia,59,"Dementia, including Alzheimer's disease",65+,Females,2005,1.34,1.3,1.38,5.63,5.55,5.71,4.03,3.72,4.37
British Columbia,59,"Dementia, including Alzheimer's disease",65+,Males,2005,1.25,1.21,1.3,4.72,4.64,4.81,4.18,3.88,4.49
British Columbia,59,"Dementia, including Alzheimer's disease",65+,Both sexes,2006,1.29,1.26,1.32,5.39,5.33,5.44,3.98,3.78,4.2
British Columbia,59,"Dementia, including Alzheimer's disease",65+,Females,2006,1.32,1.28,1.36,5.75,5.68,5.83,3.83,3.54,4.15
British Columbia,59,"Dementia, including Alzheimer's disease",65+,Males,2006,1.25,1.21,1.3,4.82,4.73,4.9,4.06,3.79,4.35
British Columbia,59,"Dementia, including Alzheimer's disease",65+,Both sexes,2007,1.36,1.33,1.39,5.52,5.47,5.58,4.05,3.84,4.26
British Columbia,59,"Dementia, including Alzheimer's disease",65+,Females,2007,1.41,1.37,1.45,5.93,5.85,6.01,4.09,3.78,4.42
British Columbia,59,"Dementia, including Alzheimer's disease",65+,Males,2007,1.29,1.24,1.33,4.91,4.82,4.99,4.04,3.77,4.32
British Columbia,59,"Dementia, including Alzheimer's disease",65+,Both sexes,2008,1.42,1.39,1.45,5.68,5.62,5.73,4.24,4.03,4.47
British Columbia,59,"Dementia, including Alzheimer's disease",65+,Females,2008,1.47,1.43,1.51,6.11,6.03,6.19,4.35,4.03,4.69
British Columbia,59,"Dementia, including Alzheimer's disease",65+,Males,2008,1.34,1.3,1.39,5.02,4.94,5.1,4.12,3.85,4.41
British Columbia,59,"Dementia, including Alzheimer's disease",65+,Both sexes,2009,1.46,1.43,1.49,5.84,5.78,5.9,4.22,4,4.44
British Columbia,59,"Dementia, including Alzheimer's disease",65+,Females,2009,1.51,1.47,1.55,6.28,6.2,6.35,4.45,4.12,4.81
British Columbia,59,"Dementia, including Alzheimer's disease",65+,Males,2009,1.37,1.33,1.42,5.17,5.09,5.25,4.03,3.77,4.32
British Columbia,59,"Dementia, including Alzheimer's disease",65+,Both sexes,2010,1.5,1.47,1.52,6.03,5.98,6.09,4.27,4.06,4.49
British Columbia,59,"Dementia, including Alzheimer's disease",65+,Females,2010,1.53,1.49,1.57,6.47,6.39,6.55,4.49,4.16,4.85
British Columbia,59,"Dementia, including Alzheimer's disease",65+,Males,2010,1.44,1.4,1.49,5.36,5.28,5.45,4.1,3.84,4.37
British Columbia,59,"Dementia, including Alzheimer's disease",65+,Both sexes,2011,1.47,1.44,1.5,6.14,6.09,6.2,4.24,4.04,4.45
British Columbia,59,"Dementia, including Alzheimer's disease",65+,Females,2011,1.52,1.48,1.56,6.6,6.52,6.67,4.35,4.04,4.67
British Columbia,59,"Dementia, including Alzheimer's disease",65+,Males,2011,1.38,1.34,1.43,5.45,5.37,5.53,4.16,3.91,4.42
British Columbia,59,"Dementia, including Alzheimer's disease",65+,Both sexes,2012,1.44,1.41,1.47,6.21,6.15,6.26,4.4,4.19,4.62
British Columbia,59,"Dementia, including Alzheimer's disease",65+,Females,2012,1.49,1.46,1.53,6.68,6.6,6.75,4.33,4.03,4.66
British Columbia,59,"Dementia, including Alzheimer's disease",65+,Males,2012,1.36,1.32,1.4,5.5,5.42,5.58,4.41,4.14,4.69
British Columbia,59,"Dementia, including Alzheimer's disease",65+,Both sexes,2013,1.39,1.36,1.41,6.25,6.19,6.3,4.5,4.29,4.71
British Columbia,59,"Dementia, including Alzheimer's disease",65+,Females,2013,1.44,1.41,1.48,6.74,6.66,6.81,4.57,4.26,4.9
British Columbia,59,"Dementia, including Alzheimer's disease",65+,Males,2013,1.31,1.27,1.35,5.53,5.45,5.61,4.45,4.18,4.73
