REF_DATE,GEO,DGUID,Diseases,Sex,Age group,Categories,Characteristics,UOM,VALUE
2009,Canada,2016A000011124,Hypertension,Both sexes,Ages 6 to 79,Presence of Chronic Disease,Estimate,Percentage,16.0
2009,Canada,2016A000011124,Hypertension,Both sexes,Ages 6 to 79,Presence of Chronic Disease,"Low 95% confidence interval, estimate",Percentage,14.9
2009,Canada,2016A000011124,Hypertension,Both sexes,Ages 6 to 79,Presence of Chronic Disease,"High 95% confidence interval, estimate",Percentage,17.2
2009,Canada,2016A000011124,Hypertension,Both sexes,Ages 6 to 79,Absence of Chronic Disease,Estimate,Percentage,84.0
2009,Canada,2016A000011124,Hypertension,Both sexes,Ages 6 to 79,Absence of Chronic Disease,"Low 95% confidence interval, estimate",Percentage,82.8
2009,Canada,2016A000011124,Hypertension,Both sexes,Ages 6 to 79,Absence of Chronic Disease,"High 95% confidence interval, estimate",Percentage,85.1
2009,Canada,2016A000011124,Hypertension,Both sexes,Ages 6 to 11,Presence of Chronic Disease,Estimate,Percentage,2.2
2009,Canada,2016A000011124,Hypertension,Both sexes,Ages 6 to 11,Presence of Chronic Disease,"Low 95% confidence interval, estimate",Percentage,1.2
2009,Canada,2016A000011124,Hypertension,Both sexes,Ages 6 to 11,Presence of Chronic Disease,"High 95% confidence interval, estimate",Percentage,4.0
2009,Canada,2016A000011124,Hypertension,Both sexes,Ages 6 to 11,Absence of Chronic Disease,Estimate,Percentage,97.8
2009,Canada,2016A000011124,Hypertension,Both sexes,Ages 6 to 11,Absence of Chronic Disease,"Low 95% confidence interval, estimate",Percentage,96.0
2009,Canada,2016A000011124,Hypertension,Both sexes,Ages 6 to 11,Absence of Chronic Disease,"High 95% confidence interval, estimate",Percentage,98.8
2009,Canada,2016A000011124,Hypertension,Both sexes,Ages 12 to 19,Presence of Chronic Disease,Estimate,Percentage,
2009,Canada,2016A000011124,Hypertension,Both sexes,Ages 12 to 19,Presence of Chronic Disease,"Low 95% confidence interval, estimate",Percentage,
2009,Canada,2016A000011124,Hypertension,Both sexes,Ages 12 to 19,Presence of Chronic Disease,"High 95% confidence interval, estimate",Percentage,
2009,Canada,2016A000011124,Hypertension,Both sexes,Ages 12 to 19,Absence of Chronic Disease,Estimate,Percentage,99.0
2009,Canada,2016A000011124,Hypertension,Both sexes,Ages 12 to 19,Absence of Chronic Disease,"Low 95% confidence interval, estimate",Percentage,97.0
2009,Canada,2016A000011124,Hypertension,Both sexes,Ages 12 to 19,Absence of Chronic Disease,"High 95% confidence interval, estimate",Percentage,99.7
2009,Canada,2016A000011124,Hypertension,Both sexes,Ages 20 to 39,Presence of Chronic Disease,Estimate,Percentage,1.9
2009,Canada,2016A000011124,Hypertension,Both sexes,Ages 20 to 39,Presence of Chronic Disease,"Low 95% confidence interval, estimate",Percentage,1.0
2009,Canada,2016A000011124,Hypertension,Both sexes,Ages 20 to 39,Presence of Chronic Disease,"High 95% confidence interval, estimate",Percentage,3.7
2009,Canada,2016A000011124,Hypertension,Both sexes,Ages 20 to 39,Absence of Chronic Disease,Estimate,Percentage,98.1
2009,Canada,2016A000011124,Hypertension,Both sexes,Ages 20 to 39,Absence of Chronic Disease,"Low 95% confidence interval, estimate",Percentage,96.3
2009,Canada,2016A000011124,Hypertension,Both sexes,Ages 20 to 39,Absence of Chronic Disease,"High 95% confidence interval, estimate",Percentage,99.0
2009,Canada,2016A000011124,Hypertension,Both sexes,Ages 40 to 59,Presence of Chronic Disease,Estimate,Percentage,18.4
2009,Canada,2016A000011124,Hypertension,Both sexes,Ages 40 to 59,Presence of Chronic Disease,"Low 95% confidence interval, estimate",Percentage,15.3
2009,Canada,2016A000011124,Hypertension,Both sexes,Ages 40 to 59,Presence of Chronic Disease,"High 95% confidence interval, estimate",Percentage,21.9
2009,Canada,2016A000011124,Hypertension,Both sexes,Ages 40 to 59,Absence of Chronic Disease,Estimate,Percentage,81.6
2009,Canada,2016A000011124,Hypertension,Both sexes,Ages 40 to 59,Absence of Chronic Disease,"Low 95% confidence interval, estimate",Percentage,78.1
2009,Canada,2016A000011124,Hypertension,Both sexes,Ages 40 to 59,Absence of Chronic Disease,"High 95% confidence interval, estimate",Percentage,84.7
2009,Canada,2016A000011124,Hypertension,Both sexes,Ages 60 to 79,Presence of Chronic Disease,Estimate,Percentage,53.3
2009,Canada,2016A000011124,Hypertension,Both sexes,Ages 60 to 79,Presence of Chronic Disease,"Low 95% confidence interval, estimate",Percentage,47.8
2009,Canada,2016A000011124,Hypertension,Both sexes,Ages 60 to 79,Presence of Chronic Disease,"High 95% confidence interval, estimate",Percentage,58.7
2009,Canada,2016A000011124,Hypertension,Both sexes,Ages 60 to 79,Absence of Chronic Disease,Estimate,Percentage,46.7
2009,Canada,2016A000011124,Hypertension,Both sexes,Ages 60 to 79,Absence of Chronic Disease,"Low 95% confidence interval, estimate",Percentage,41.3
2009,Canada,2016A000011124,Hypertension,Both sexes,Ages 60 to 79,Absence of Chronic Disease,"High 95% confidence interval, estimate",Percentage,52.2
2009,Canada,2016A000011124,Hypertension,Males,Ages 6 to 79,Presence of Chronic Disease,Estimate,Percentage,16.3
2009,Canada,2016A000011124,Hypertension,Males,Ages 6 to 79,Presence of Chronic Disease,"Low 95% confidence interval, estimate",Percentage,14.5
2009,Canada,2016A000011124,Hypertension,Males,Ages 6 to 79,Presence of Chronic Disease,"High 95% confidence interval, estimate",Percentage,18.2
2009,Canada,2016A000011124,Hypertension,Males,Ages 6 to 79,Absence of Chronic Disease,Estimate,Percentage,83.7
2009,Canada,2016A000011124,Hypertension,Males,Ages 6 to 79,Absence of Chronic Disease,"Low 95% confidence interval, estimate",Percentage,81.8
2009,Canada,2016A000011124,Hypertension,Males,Ages 6 to 79,Absence of Chronic Disease,"High 95% confidence interval, estimate",Percentage,85.5
2009,Canada,2016A000011124,Hypertension,Males,Ages 6 to 11,Presence of Chronic Disease,Estimate,Percentage,
2009,Canada,2016A000011124,Hypertension,Males,Ages 6 to 11,Presence of Chronic Disease,"Low 95% confidence interval, estimate",Percentage,
2009,Canada,2016A000011124,Hypertension,Males,Ages 6 to 11,Presence of Chronic Disease,"High 95% confidence interval, estimate",Percentage,
2009,Canada,2016A000011124,Hypertension,Males,Ages 6 to 11,Absence of Chronic Disease,Estimate,Percentage,98.0
2009,Canada,2016A000011124,Hypertension,Males,Ages 6 to 11,Absence of Chronic Disease,"Low 95% confidence interval, estimate",Percentage,96.2
2009,Canada,2016A000011124,Hypertension,Males,Ages 6 to 11,Absence of Chronic Disease,"High 95% confidence interval, estimate",Percentage,99.0
2009,Canada,2016A000011124,Hypertension,Males,Ages 12 to 19,Presence of Chronic Disease,Estimate,Percentage,
2009,Canada,2016A000011124,Hypertension,Males,Ages 12 to 19,Presence of Chronic Disease,"Low 95% confidence interval, estimate",Percentage,
2009,Canada,2016A000011124,Hypertension,Males,Ages 12 to 19,Presence of Chronic Disease,"High 95% confidence interval, estimate",Percentage,
2009,Canada,2016A000011124,Hypertension,Males,Ages 12 to 19,Absence of Chronic Disease,Estimate,Percentage,98.6
2009,Canada,2016A000011124,Hypertension,Males,Ages 12 to 19,Absence of Chronic Disease,"Low 95% confidence interval, estimate",Percentage,95.6
2009,Canada,2016A000011124,Hypertension,Males,Ages 12 to 19,Absence of Chronic Disease,"High 95% confidence interval, estimate",Percentage,99.6
2009,Canada,2016A000011124,Hypertension,Males,Ages 20 to 39,Presence of Chronic Disease,Estimate,Percentage,2.1
2009,Canada,2016A000011124,Hypertension,Males,Ages 20 to 39,Presence of Chronic Disease,"Low 95% confidence interval, estimate",Percentage,1.3
2009,Canada,2016A000011124,Hypertension,Males,Ages 20 to 39,Presence of Chronic Disease,"High 95% confidence interval, estimate",Percentage,3.4
2009,Canada,2016A000011124,Hypertension,Males,Ages 20 to 39,Absence of Chronic Disease,Estimate,Percentage,97.9
2009,Canada,2016A000011124,Hypertension,Males,Ages 20 to 39,Absence of Chronic Disease,"Low 95% confidence interval, estimate",Percentage,96.6
2009,Canada,2016A000011124,Hypertension,Males,Ages 20 to 39,Absence of Chronic Disease,"High 95% confidence interval, estimate",Percentage,98.7
2009,Canada,2016A000011124,Hypertension,Males,Ages 40 to 59,Presence of Chronic Disease,Estimate,Percentage,19.5
2009,Canada,2016A000011124,Hypertension,Males,Ages 40 to 59,Presence of Chronic Disease,"Low 95% confidence interval, estimate",Percentage,14.8
2009,Canada,2016A000011124,Hypertension,Males,Ages 40 to 59,Presence of Chronic Disease,"High 95% confidence interval, estimate",Percentage,25.2
2009,Canada,2016A000011124,Hypertension,Males,Ages 40 to 59,Absence of Chronic Disease,Estimate,Percentage,80.5
2009,Canada,2016A000011124,Hypertension,Males,Ages 40 to 59,Absence of Chronic Disease,"Low 95% confidence interval, estimate",Percentage,74.8
2009,Canada,2016A000011124,Hypertension,Males,Ages 40 to 59,Absence of Chronic Disease,"High 95% confidence interval, estimate",Percentage,85.2
2009,Canada,2016A000011124,Hypertension,Males,Ages 60 to 79,Presence of Chronic Disease,Estimate,Percentage,54.6
2009,Canada,2016A000011124,Hypertension,Males,Ages 60 to 79,Presence of Chronic Disease,"Low 95% confidence interval, estimate",Percentage,47.5
2009,Canada,2016A000011124,Hypertension,Males,Ages 60 to 79,Presence of Chronic Disease,"High 95% confidence interval, estimate",Percentage,61.6
2009,Canada,2016A000011124,Hypertension,Males,Ages 60 to 79,Absence of Chronic Disease,Estimate,Percentage,45.4
2009,Canada,2016A000011124,Hypertension,Males,Ages 60 to 79,Absence of Chronic Disease,"Low 95% confidence interval, estimate",Percentage,38.4
2009,Canada,2016A000011124,Hypertension,Males,Ages 60 to 79,Absence of Chronic Disease,"High 95% confidence interval, estimate",Percentage,52.5
2009,Canada,2016A000011124,Hypertension,Females,Ages 6 to 79,Presence of Chronic Disease,Estimate,Percentage,15.7
2009,Canada,2016A000011124,Hypertension,Females,Ages 6 to 79,Presence of Chronic Disease,"Low 95% confidence interval, estimate",Percentage,14.6
2009,Canada,2016A000011124,Hypertension,Females,Ages 6 to 79,Presence of Chronic Disease,"High 95% confidence interval, estimate",Percentage,16.9
2009,Canada,2016A000011124,Hypertension,Females,Ages 6 to 79,Absence of Chronic Disease,Estimate,Percentage,84.3
2009,Canada,2016A000011124,Hypertension,Females,Ages 6 to 79,Absence of Chronic Disease,"Low 95% confidence interval, estimate",Percentage,83.1
2009,Canada,2016A000011124,Hypertension,Females,Ages 6 to 79,Absence of Chronic Disease,"High 95% confidence interval, estimate",Percentage,85.4
2009,Canada,2016A000011124,Hypertension,Females,Ages 6 to 11,Presence of Chronic Disease,Estimate,Percentage,
2009,Canada,2016A000011124,Hypertension,Females,Ages 6 to 11,Presence of Chronic Disease,"Low 95% confidence interval, estimate",Percentage,
2009,Canada,2016A000011124,Hypertension,Females,Ages 6 to 11,Presence of Chronic Disease,"High 95% confidence interval, estimate",Percentage,
2009,Canada,2016A000011124,Hypertension,Females,Ages 6 to 11,Absence of Chronic Disease,Estimate,Percentage,97.7
2009,Canada,2016A000011124,Hypertension,Females,Ages 6 to 11,Absence of Chronic Disease,"Low 95% confidence interval, estimate",Percentage,94.5
2009,Canada,2016A000011124,Hypertension,Females,Ages 6 to 11,Absence of Chronic Disease,"High 95% confidence interval, estimate",Percentage,99.0
2009,Canada,2016A000011124,Hypertension,Females,Ages 12 to 19,Presence of Chronic Disease,Estimate,Percentage,
2009,Canada,2016A000011124,Hypertension,Females,Ages 12 to 19,Presence of Chronic Disease,"Low 95% confidence interval, estimate",Percentage,
2009,Canada,2016A000011124,Hypertension,Females,Ages 12 to 19,Presence of Chronic Disease,"High 95% confidence interval, estimate",Percentage,
2009,Canada,2016A000011124,Hypertension,Females,Ages 12 to 19,Absence of Chronic Disease,Estimate,Percentage,99.5
2009,Canada,2016A000011124,Hypertension,Females,Ages 12 to 19,Absence of Chronic Disease,"Low 95% confidence interval, estimate",Percentage,96.0
2009,Canada,2016A000011124,Hypertension,Females,Ages 12 to 19,Absence of Chronic Disease,"High 95% confidence interval, estimate",Percentage,99.9
2009,Canada,2016A000011124,Hypertension,Females,Ages 20 to 39,Presence of Chronic Disease,Estimate,Percentage,
2009,Canada,2016A000011124,Hypertension,Females,Ages 20 to 39,Presence of Chronic Disease,"Low 95% confidence interval, estimate",Percentage,
2009,Canada,2016A000011124,Hypertension,Females,Ages 20 to 39,Presence of Chronic Disease,"High 95% confidence interval, estimate",Percentage,
2009,Canada,2016A000011124,Hypertension,Females,Ages 20 to 39,Absence of Chronic Disease,Estimate,Percentage,98.2
2009,Canada,2016A000011124,Hypertension,Females,Ages 20 to 39,Absence of Chronic Disease,"Low 95% confidence interval, estimate",Percentage,94.8
2009,Canada,2016A000011124,Hypertension,Females,Ages 20 to 39,Absence of Chronic Disease,"High 95% confidence interval, estimate",Percentage,99.4
2009,Canada,2016A000011124,Hypertension,Females,Ages 40 to 59,Presence of Chronic Disease,Estimate,Percentage,17.3
2009,Canada,2016A000011124,Hypertension,Females,Ages 40 to 59,Presence of Chronic Disease,"Low 95% confidence interval, estimate",Percentage,14.1
2009,Canada,2016A000011124,Hypertension,Females,Ages 40 to 59,Presence of Chronic Disease,"High 95% confidence interval, estimate",Percentage,21.1
2009,Canada,2016A000011124,Hypertension,Females,Ages 40 to 59,Absence of Chronic Disease,Estimate,Percentage,82.7
2009,Canada,2016A000011124,Hypertension,Females,Ages 40 to 59,Absence of Chronic Disease,"Low 95% confidence interval, estimate",Percentage,78.9
2009,Canada,2016A000011124,Hypertension,Females,Ages 40 to 59,Absence of Chronic Disease,"High 95% confidence interval, estimate",Percentage,85.9
2009,Canada,2016A000011124,Hypertension,Females,Ages 60 to 79,Presence of Chronic Disease,Estimate,Percentage,52.1
2009,Canada,2016A000011124,Hypertension,Females,Ages 60 to 79,Presence of Chronic Disease,"Low 95% confidence interval, estimate",Percentage,46.7
2009,Canada,2016A000011124,Hypertension,Females,Ages 60 to 79,Presence of Chronic Disease,"High 95% confidence interval, estimate",Percentage,57.4
2009,Canada,2016A000011124,Hypertension,Females,Ages 60 to 79,Absence of Chronic Disease,Estimate,Percentage,47.9
2009,Canada,2016A000011124,Hypertension,Females,Ages 60 to 79,Absence of Chronic Disease,"Low 95% confidence interval, estimate",Percentage,42.6
2009,Canada,2016A000011124,Hypertension,Females,Ages 60 to 79,Absence of Chronic Disease,"High 95% confidence interval, estimate",Percentage,53.3
2009,Canada,2016A000011124,Chronic obstructive pulmonary disease (COPD),Both sexes,Ages 35 to 79,Presence of Chronic Disease,Estimate,Percentage,14.1
2009,Canada,2016A000011124,Chronic obstructive pulmonary disease (COPD),Both sexes,Ages 35 to 79,Presence of Chronic Disease,"Low 95% confidence interval, estimate",Percentage,11.6
2009,Canada,2016A000011124,Chronic obstructive pulmonary disease (COPD),Both sexes,Ages 35 to 79,Presence of Chronic Disease,"High 95% confidence interval, estimate",Percentage,17.0
2009,Canada,2016A000011124,Chronic obstructive pulmonary disease (COPD),Both sexes,Ages 35 to 79,Absence of Chronic Disease,Estimate,Percentage,85.9
2009,Canada,2016A000011124,Chronic obstructive pulmonary disease (COPD),Both sexes,Ages 35 to 79,Absence of Chronic Disease,"Low 95% confidence interval, estimate",Percentage,83.0
2009,Canada,2016A000011124,Chronic obstructive pulmonary disease (COPD),Both sexes,Ages 35 to 79,Absence of Chronic Disease,"High 95% confidence interval, estimate",Percentage,88.4
2009,Canada,2016A000011124,Chronic obstructive pulmonary disease (COPD),Both sexes,Ages 35 to 59,Presence of Chronic Disease,Estimate,Percentage,14.2
2009,Canada,2016A000011124,Chronic obstructive pulmonary disease (COPD),Both sexes,Ages 35 to 59,Presence of Chronic Disease,"Low 95% confidence interval, estimate",Percentage,11.2
2009,Canada,2016A000011124,Chronic obstructive pulmonary disease (COPD),Both sexes,Ages 35 to 59,Presence of Chronic Disease,"High 95% confidence interval, estimate",Percentage,17.9
2009,Canada,2016A000011124,Chronic obstructive pulmonary disease (COPD),Both sexes,Ages 35 to 59,Absence of Chronic Disease,Estimate,Percentage,85.8
2009,Canada,2016A000011124,Chronic obstructive pulmonary disease (COPD),Both sexes,Ages 35 to 59,Absence of Chronic Disease,"Low 95% confidence interval, estimate",Percentage,82.1
2009,Canada,2016A000011124,Chronic obstructive pulmonary disease (COPD),Both sexes,Ages 35 to 59,Absence of Chronic Disease,"High 95% confidence interval, estimate",Percentage,88.8
2009,Canada,2016A000011124,Chronic obstructive pulmonary disease (COPD),Both sexes,Ages 60 to 79,Presence of Chronic Disease,Estimate,Percentage,14.0
2009,Canada,2016A000011124,Chronic obstructive pulmonary disease (COPD),Both sexes,Ages 60 to 79,Presence of Chronic Disease,"Low 95% confidence interval, estimate",Percentage,11.1
2009,Canada,2016A000011124,Chronic obstructive pulmonary disease (COPD),Both sexes,Ages 60 to 79,Presence of Chronic Disease,"High 95% confidence interval, estimate",Percentage,17.4
2009,Canada,2016A000011124,Chronic obstructive pulmonary disease (COPD),Both sexes,Ages 60 to 79,Absence of Chronic Disease,Estimate,Percentage,86.0
2009,Canada,2016A000011124,Chronic obstructive pulmonary disease (COPD),Both sexes,Ages 60 to 79,Absence of Chronic Disease,"Low 95% confidence interval, estimate",Percentage,82.6
2009,Canada,2016A000011124,Chronic obstructive pulmonary disease (COPD),Both sexes,Ages 60 to 79,Absence of Chronic Disease,"High 95% confidence interval, estimate",Percentage,88.9
2009,Canada,2016A000011124,Chronic obstructive pulmonary disease (COPD),Males,Ages 35 to 79,Presence of Chronic Disease,Estimate,Percentage,12.6
2009,Canada,2016A000011124,Chronic obstructive pulmonary disease (COPD),Males,Ages 35 to 79,Presence of Chronic Disease,"Low 95% confidence interval, estimate",Percentage,10.8
2009,Canada,2016A000011124,Chronic obstructive pulmonary disease (COPD),Males,Ages 35 to 79,Presence of Chronic Disease,"High 95% confidence interval, estimate",Percentage,14.7
2009,Canada,2016A000011124,Chronic obstructive pulmonary disease (COPD),Males,Ages 35 to 79,Absence of Chronic Disease,Estimate,Percentage,87.4
2009,Canada,2016A000011124,Chronic obstructive pulmonary disease (COPD),Males,Ages 35 to 79,Absence of Chronic Disease,"Low 95% confidence interval, estimate",Percentage,85.3
2009,Canada,2016A000011124,Chronic obstructive pulmonary disease (COPD),Males,Ages 35 to 79,Absence of Chronic Disease,"High 95% confidence interval, estimate",Percentage,89.2
2009,Canada,2016A000011124,Chronic obstructive pulmonary disease (COPD),Males,Ages 35 to 59,Presence of Chronic Disease,Estimate,Percentage,12.9
2009,Canada,2016A000011124,Chronic obstructive pulmonary disease (COPD),Males,Ages 35 to 59,Presence of Chronic Disease,"Low 95% confidence interval, estimate",Percentage,9.6
2009,Canada,2016A000011124,Chronic obstructive pulmonary disease (COPD),Males,Ages 35 to 59,Presence of Chronic Disease,"High 95% confidence interval, estimate",Percentage,17.0
2009,Canada,2016A000011124,Chronic obstructive pulmonary disease (COPD),Males,Ages 35 to 59,Absence of Chronic Disease,Estimate,Percentage,87.1
2009,Canada,2016A000011124,Chronic obstructive pulmonary disease (COPD),Males,Ages 35 to 59,Absence of Chronic Disease,"Low 95% confidence interval, estimate",Percentage,83.0
2009,Canada,2016A000011124,Chronic obstructive pulmonary disease (COPD),Males,Ages 35 to 59,Absence of Chronic Disease,"High 95% confidence interval, estimate",Percentage,90.4
2009,Canada,2016A000011124,Chronic obstructive pulmonary disease (COPD),Males,Ages 60 to 79,Presence of Chronic Disease,Estimate,Percentage,12.2
2009,Canada,2016A000011124,Chronic obstructive pulmonary disease (COPD),Males,Ages 60 to 79,Presence of Chronic Disease,"Low 95% confidence interval, estimate",Percentage,8.7
2009,Canada,2016A000011124,Chronic obstructive pulmonary disease (COPD),Males,Ages 60 to 79,Presence of Chronic Disease,"High 95% confidence interval, estimate",Percentage,16.7
2009,Canada,2016A000011124,Chronic obstructive pulmonary disease (COPD),Males,Ages 60 to 79,Absence of Chronic Disease,Estimate,Percentage,87.8
2009,Canada,2016A000011124,Chronic obstructive pulmonary disease (COPD),Males,Ages 60 to 79,Absence of Chronic Disease,"Low 95% confidence interval, estimate",Percentage,83.3
2009,Canada,2016A000011124,Chronic obstructive pulmonary disease (COPD),Males,Ages 60 to 79,Absence of Chronic Disease,"High 95% confidence interval, estimate",Percentage,91.3
2009,Canada,2016A000011124,Chronic obstructive pulmonary disease (COPD),Females,Ages 35 to 79,Presence of Chronic Disease,Estimate,Percentage,15.5
2009,Canada,2016A000011124,Chronic obstructive pulmonary disease (COPD),Females,Ages 35 to 79,Presence of Chronic Disease,"Low 95% confidence interval, estimate",Percentage,10.8
2009,Canada,2016A000011124,Chronic obstructive pulmonary disease (COPD),Females,Ages 35 to 79,Presence of Chronic Disease,"High 95% confidence interval, estimate",Percentage,21.9
2009,Canada,2016A000011124,Chronic obstructive pulmonary disease (COPD),Females,Ages 35 to 79,Absence of Chronic Disease,Estimate,Percentage,84.5
2009,Canada,2016A000011124,Chronic obstructive pulmonary disease (COPD),Females,Ages 35 to 79,Absence of Chronic Disease,"Low 95% confidence interval, estimate",Percentage,78.1
2009,Canada,2016A000011124,Chronic obstructive pulmonary disease (COPD),Females,Ages 35 to 79,Absence of Chronic Disease,"High 95% confidence interval, estimate",Percentage,89.2
2009,Canada,2016A000011124,Chronic obstructive pulmonary disease (COPD),Females,Ages 35 to 59,Presence of Chronic Disease,Estimate,Percentage,15.5
2009,Canada,2016A000011124,Chronic obstructive pulmonary disease (COPD),Females,Ages 35 to 59,Presence of Chronic Disease,"Low 95% confidence interval, estimate",Percentage,9.0
2009,Canada,2016A000011124,Chronic obstructive pulmonary disease (COPD),Females,Ages 35 to 59,Presence of Chronic Disease,"High 95% confidence interval, estimate",Percentage,25.5
2009,Canada,2016A000011124,Chronic obstructive pulmonary disease (COPD),Females,Ages 35 to 59,Absence of Chronic Disease,Estimate,Percentage,84.5
2009,Canada,2016A000011124,Chronic obstructive pulmonary disease (COPD),Females,Ages 35 to 59,Absence of Chronic Disease,"Low 95% confidence interval, estimate",Percentage,74.5
2009,Canada,2016A000011124,Chronic obstructive pulmonary disease (COPD),Females,Ages 35 to 59,Absence of Chronic Disease,"High 95% confidence interval, estimate",Percentage,91.0
2009,Canada,2016A000011124,Chronic obstructive pulmonary disease (COPD),Females,Ages 60 to 79,Presence of Chronic Disease,Estimate,Percentage,15.7
2009,Canada,2016A000011124,Chronic obstructive pulmonary disease (COPD),Females,Ages 60 to 79,Presence of Chronic Disease,"Low 95% confidence interval, estimate",Percentage,11.7
2009,Canada,2016A000011124,Chronic obstructive pulmonary disease (COPD),Females,Ages 60 to 79,Presence of Chronic Disease,"High 95% confidence interval, estimate",Percentage,20.7
2009,Canada,2016A000011124,Chronic obstructive pulmonary disease (COPD),Females,Ages 60 to 79,Absence of Chronic Disease,Estimate,Percentage,84.3
2009,Canada,2016A000011124,Chronic obstructive pulmonary disease (COPD),Females,Ages 60 to 79,Absence of Chronic Disease,"Low 95% confidence interval, estimate",Percentage,79.3
2009,Canada,2016A000011124,Chronic obstructive pulmonary disease (COPD),Females,Ages 60 to 79,Absence of Chronic Disease,"High 95% confidence interval, estimate",Percentage,88.3
2011,Canada,2016A000011124,Hypertension,Both sexes,Ages 6 to 79,Presence of Chronic Disease,Estimate,Percentage,18.0
2011,Canada,2016A000011124,Hypertension,Both sexes,Ages 6 to 79,Presence of Chronic Disease,"Low 95% confidence interval, estimate",Percentage,15.8
2011,Canada,2016A000011124,Hypertension,Both sexes,Ages 6 to 79,Presence of Chronic Disease,"High 95% confidence interval, estimate",Percentage,20.4
2011,Canada,2016A000011124,Hypertension,Both sexes,Ages 6 to 79,Absence of Chronic Disease,Estimate,Percentage,82.0
2011,Canada,2016A000011124,Hypertension,Both sexes,Ages 6 to 79,Absence of Chronic Disease,"Low 95% confidence interval, estimate",Percentage,79.6
2011,Canada,2016A000011124,Hypertension,Both sexes,Ages 6 to 79,Absence of Chronic Disease,"High 95% confidence interval, estimate",Percentage,84.2
2011,Canada,2016A000011124,Hypertension,Both sexes,Ages 6 to 11,Presence of Chronic Disease,Estimate,Percentage,3.5
2011,Canada,2016A000011124,Hypertension,Both sexes,Ages 6 to 11,Presence of Chronic Disease,"Low 95% confidence interval, estimate",Percentage,2.1
2011,Canada,2016A000011124,Hypertension,Both sexes,Ages 6 to 11,Presence of Chronic Disease,"High 95% confidence interval, estimate",Percentage,5.9
2011,Canada,2016A000011124,Hypertension,Both sexes,Ages 6 to 11,Absence of Chronic Disease,Estimate,Percentage,96.5
2011,Canada,2016A000011124,Hypertension,Both sexes,Ages 6 to 11,Absence of Chronic Disease,"Low 95% confidence interval, estimate",Percentage,94.1
2011,Canada,2016A000011124,Hypertension,Both sexes,Ages 6 to 11,Absence of Chronic Disease,"High 95% confidence interval, estimate",Percentage,97.9
2011,Canada,2016A000011124,Hypertension,Both sexes,Ages 12 to 19,Presence of Chronic Disease,Estimate,Percentage,
2011,Canada,2016A000011124,Hypertension,Both sexes,Ages 12 to 19,Presence of Chronic Disease,"Low 95% confidence interval, estimate",Percentage,
2011,Canada,2016A000011124,Hypertension,Both sexes,Ages 12 to 19,Presence of Chronic Disease,"High 95% confidence interval, estimate",Percentage,
2011,Canada,2016A000011124,Hypertension,Both sexes,Ages 12 to 19,Absence of Chronic Disease,Estimate,Percentage,99.7
2011,Canada,2016A000011124,Hypertension,Both sexes,Ages 12 to 19,Absence of Chronic Disease,"Low 95% confidence interval, estimate",Percentage,99.1
2011,Canada,2016A000011124,Hypertension,Both sexes,Ages 12 to 19,Absence of Chronic Disease,"High 95% confidence interval, estimate",Percentage,99.9
2011,Canada,2016A000011124,Hypertension,Both sexes,Ages 20 to 39,Presence of Chronic Disease,Estimate,Percentage,3.6
2011,Canada,2016A000011124,Hypertension,Both sexes,Ages 20 to 39,Presence of Chronic Disease,"Low 95% confidence interval, estimate",Percentage,2.0
2011,Canada,2016A000011124,Hypertension,Both sexes,Ages 20 to 39,Presence of Chronic Disease,"High 95% confidence interval, estimate",Percentage,6.3
2011,Canada,2016A000011124,Hypertension,Both sexes,Ages 20 to 39,Absence of Chronic Disease,Estimate,Percentage,96.4
2011,Canada,2016A000011124,Hypertension,Both sexes,Ages 20 to 39,Absence of Chronic Disease,"Low 95% confidence interval, estimate",Percentage,93.7
2011,Canada,2016A000011124,Hypertension,Both sexes,Ages 20 to 39,Absence of Chronic Disease,"High 95% confidence interval, estimate",Percentage,98.0
2011,Canada,2016A000011124,Hypertension,Both sexes,Ages 40 to 59,Presence of Chronic Disease,Estimate,Percentage,21.7
2011,Canada,2016A000011124,Hypertension,Both sexes,Ages 40 to 59,Presence of Chronic Disease,"Low 95% confidence interval, estimate",Percentage,16.5
2011,Canada,2016A000011124,Hypertension,Both sexes,Ages 40 to 59,Presence of Chronic Disease,"High 95% confidence interval, estimate",Percentage,27.9
2011,Canada,2016A000011124,Hypertension,Both sexes,Ages 40 to 59,Absence of Chronic Disease,Estimate,Percentage,78.3
2011,Canada,2016A000011124,Hypertension,Both sexes,Ages 40 to 59,Absence of Chronic Disease,"Low 95% confidence interval, estimate",Percentage,72.1
2011,Canada,2016A000011124,Hypertension,Both sexes,Ages 40 to 59,Absence of Chronic Disease,"High 95% confidence interval, estimate",Percentage,83.5
2011,Canada,2016A000011124,Hypertension,Both sexes,Ages 60 to 79,Presence of Chronic Disease,Estimate,Percentage,52.0
2011,Canada,2016A000011124,Hypertension,Both sexes,Ages 60 to 79,Presence of Chronic Disease,"Low 95% confidence interval, estimate",Percentage,47.2
2011,Canada,2016A000011124,Hypertension,Both sexes,Ages 60 to 79,Presence of Chronic Disease,"High 95% confidence interval, estimate",Percentage,56.9
2011,Canada,2016A000011124,Hypertension,Both sexes,Ages 60 to 79,Absence of Chronic Disease,Estimate,Percentage,48.0
2011,Canada,2016A000011124,Hypertension,Both sexes,Ages 60 to 79,Absence of Chronic Disease,"Low 95% confidence interval, estimate",Percentage,43.1
2011,Canada,2016A000011124,Hypertension,Both sexes,Ages 60 to 79,Absence of Chronic Disease,"High 95% confidence interval, estimate",Percentage,52.8
2011,Canada,2016A000011124,Hypertension,Males,Ages 6 to 79,Presence of Chronic Disease,Estimate,Percentage,20.8
2011,Canada,2016A000011124,Hypertension,Males,Ages 6 to 79,Presence of Chronic Disease,"Low 95% confidence interval, estimate",Percentage,16.9
2011,Canada,2016A000011124,Hypertension,Males,Ages 6 to 79,Presence of Chronic Disease,"High 95% confidence interval, estimate",Percentage,25.2
2011,Canada,2016A000011124,Hypertension,Males,Ages 6 to 79,Absence of Chronic Disease,Estimate,Percentage,79.2
2011,Canada,2016A000011124,Hypertension,Males,Ages 6 to 79,Absence of Chronic Disease,"Low 95% confidence interval, estimate",Percentage,74.8
2011,Canada,2016A000011124,Hypertension,Males,Ages 6 to 79,Absence of Chronic Disease,"High 95% confidence interval, estimate",Percentage,83.1
2011,Canada,2016A000011124,Hypertension,Males,Ages 6 to 11,Presence of Chronic Disease,Estimate,Percentage,3.3
2011,Canada,2016A000011124,Hypertension,Males,Ages 6 to 11,Presence of Chronic Disease,"Low 95% confidence interval, estimate",Percentage,1.8
2011,Canada,2016A000011124,Hypertension,Males,Ages 6 to 11,Presence of Chronic Disease,"High 95% confidence interval, estimate",Percentage,6.2
2011,Canada,2016A000011124,Hypertension,Males,Ages 6 to 11,Absence of Chronic Disease,Estimate,Percentage,96.7
2011,Canada,2016A000011124,Hypertension,Males,Ages 6 to 11,Absence of Chronic Disease,"Low 95% confidence interval, estimate",Percentage,93.8
2011,Canada,2016A000011124,Hypertension,Males,Ages 6 to 11,Absence of Chronic Disease,"High 95% confidence interval, estimate",Percentage,98.2
2011,Canada,2016A000011124,Hypertension,Males,Ages 12 to 19,Presence of Chronic Disease,Estimate,Percentage,
2011,Canada,2016A000011124,Hypertension,Males,Ages 12 to 19,Presence of Chronic Disease,"Low 95% confidence interval, estimate",Percentage,
2011,Canada,2016A000011124,Hypertension,Males,Ages 12 to 19,Presence of Chronic Disease,"High 95% confidence interval, estimate",Percentage,
2011,Canada,2016A000011124,Hypertension,Males,Ages 12 to 19,Absence of Chronic Disease,Estimate,Percentage,99.5
2011,Canada,2016A000011124,Hypertension,Males,Ages 12 to 19,Absence of Chronic Disease,"Low 95% confidence interval, estimate",Percentage,98.2
2011,Canada,2016A000011124,Hypertension,Males,Ages 12 to 19,Absence of Chronic Disease,"High 95% confidence interval, estimate",Percentage,99.9
2011,Canada,2016A000011124,Hypertension,Males,Ages 20 to 39,Presence of Chronic Disease,Estimate,Percentage,3.2
2011,Canada,2016A000011124,Hypertension,Males,Ages 20 to 39,Presence of Chronic Disease,"Low 95% confidence interval, estimate",Percentage,1.6
2011,Canada,2016A000011124,Hypertension,Males,Ages 20 to 39,Presence of Chronic Disease,"High 95% confidence interval, estimate",Percentage,6.3
2011,Canada,2016A000011124,Hypertension,Males,Ages 20 to 39,Absence of Chronic Disease,Estimate,Percentage,96.8
2011,Canada,2016A000011124,Hypertension,Males,Ages 20 to 39,Absence of Chronic Disease,"Low 95% confidence interval, estimate",Percentage,93.7
2011,Canada,2016A000011124,Hypertension,Males,Ages 20 to 39,Absence of Chronic Disease,"High 95% confidence interval, estimate",Percentage,98.4
2011,Canada,2016A000011124,Hypertension,Males,Ages 40 to 59,Presence of Chronic Disease,Estimate,Percentage,28.6
2011,Canada,2016A000011124,Hypertension,Males,Ages 40 to 59,Presence of Chronic Disease,"Low 95% confidence interval, estimate",Percentage,20.3
2011,Canada,2016A000011124,Hypertension,Males,Ages 40 to 59,Presence of Chronic Disease,"High 95% confidence interval, estimate",Percentage,38.7
2011,Canada,2016A000011124,Hypertension,Males,Ages 40 to 59,Absence of Chronic Disease,Estimate,Percentage,71.4
2011,Canada,2016A000011124,Hypertension,Males,Ages 40 to 59,Absence of Chronic Disease,"Low 95% confidence interval, estimate",Percentage,61.3
2011,Canada,2016A000011124,Hypertension,Males,Ages 40 to 59,Absence of Chronic Disease,"High 95% confidence interval, estimate",Percentage,79.7
2011,Canada,2016A000011124,Hypertension,Males,Ages 60 to 79,Presence of Chronic Disease,Estimate,Percentage,57.6
2011,Canada,2016A000011124,Hypertension,Males,Ages 60 to 79,Presence of Chronic Disease,"Low 95% confidence interval, estimate",Percentage,51.3
2011,Canada,2016A000011124,Hypertension,Males,Ages 60 to 79,Presence of Chronic Disease,"High 95% confidence interval, estimate",Percentage,63.5
2011,Canada,2016A000011124,Hypertension,Males,Ages 60 to 79,Absence of Chronic Disease,Estimate,Percentage,42.4
2011,Canada,2016A000011124,Hypertension,Males,Ages 60 to 79,Absence of Chronic Disease,"Low 95% confidence interval, estimate",Percentage,36.5
2011,Canada,2016A000011124,Hypertension,Males,Ages 60 to 79,Absence of Chronic Disease,"High 95% confidence interval, estimate",Percentage,48.7
2011,Canada,2016A000011124,Hypertension,Females,Ages 6 to 79,Presence of Chronic Disease,Estimate,Percentage,15.2
2011,Canada,2016A000011124,Hypertension,Females,Ages 6 to 79,Presence of Chronic Disease,"Low 95% confidence interval, estimate",Percentage,13.0
2011,Canada,2016A000011124,Hypertension,Females,Ages 6 to 79,Presence of Chronic Disease,"High 95% confidence interval, estimate",Percentage,17.8
2011,Canada,2016A000011124,Hypertension,Females,Ages 6 to 79,Absence of Chronic Disease,Estimate,Percentage,84.8
2011,Canada,2016A000011124,Hypertension,Females,Ages 6 to 79,Absence of Chronic Disease,"Low 95% confidence interval, estimate",Percentage,82.2
2011,Canada,2016A000011124,Hypertension,Females,Ages 6 to 79,Absence of Chronic Disease,"High 95% confidence interval, estimate",Percentage,87.0
2011,Canada,2016A000011124,Hypertension,Females,Ages 6 to 11,Presence of Chronic Disease,Estimate,Percentage,
2011,Canada,2016A000011124,Hypertension,Females,Ages 6 to 11,Presence of Chronic Disease,"Low 95% confidence interval, estimate",Percentage,
2011,Canada,2016A000011124,Hypertension,Females,Ages 6 to 11,Presence of Chronic Disease,"High 95% confidence interval, estimate",Percentage,
2011,Canada,2016A000011124,Hypertension,Females,Ages 6 to 11,Absence of Chronic Disease,Estimate,Percentage,96.3
2011,Canada,2016A000011124,Hypertension,Females,Ages 6 to 11,Absence of Chronic Disease,"Low 95% confidence interval, estimate",Percentage,92.2
2011,Canada,2016A000011124,Hypertension,Females,Ages 6 to 11,Absence of Chronic Disease,"High 95% confidence interval, estimate",Percentage,98.2
2011,Canada,2016A000011124,Hypertension,Females,Ages 12 to 19,Presence of Chronic Disease,Estimate,Percentage,
2011,Canada,2016A000011124,Hypertension,Females,Ages 12 to 19,Presence of Chronic Disease,"Low 95% confidence interval, estimate",Percentage,
2011,Canada,2016A000011124,Hypertension,Females,Ages 12 to 19,Presence of Chronic Disease,"High 95% confidence interval, estimate",Percentage,
2011,Canada,2016A000011124,Hypertension,Females,Ages 12 to 19,Absence of Chronic Disease,Estimate,Percentage,99.8
2011,Canada,2016A000011124,Hypertension,Females,Ages 12 to 19,Absence of Chronic Disease,"Low 95% confidence interval, estimate",Percentage,99.0
2011,Canada,2016A000011124,Hypertension,Females,Ages 12 to 19,Absence of Chronic Disease,"High 95% confidence interval, estimate",Percentage,100.0
2011,Canada,2016A000011124,Hypertension,Females,Ages 20 to 39,Presence of Chronic Disease,Estimate,Percentage,
2011,Canada,2016A000011124,Hypertension,Females,Ages 20 to 39,Presence of Chronic Disease,"Low 95% confidence interval, estimate",Percentage,
2011,Canada,2016A000011124,Hypertension,Females,Ages 20 to 39,Presence of Chronic Disease,"High 95% confidence interval, estimate",Percentage,
2011,Canada,2016A000011124,Hypertension,Females,Ages 20 to 39,Absence of Chronic Disease,Estimate,Percentage,96.0
2011,Canada,2016A000011124,Hypertension,Females,Ages 20 to 39,Absence of Chronic Disease,"Low 95% confidence interval, estimate",Percentage,91.0
2011,Canada,2016A000011124,Hypertension,Females,Ages 20 to 39,Absence of Chronic Disease,"High 95% confidence interval, estimate",Percentage,98.3
2011,Canada,2016A000011124,Hypertension,Females,Ages 40 to 59,Presence of Chronic Disease,Estimate,Percentage,14.7
2011,Canada,2016A000011124,Hypertension,Females,Ages 40 to 59,Presence of Chronic Disease,"Low 95% confidence interval, estimate",Percentage,10.3
2011,Canada,2016A000011124,Hypertension,Females,Ages 40 to 59,Presence of Chronic Disease,"High 95% confidence interval, estimate",Percentage,20.6
2011,Canada,2016A000011124,Hypertension,Females,Ages 40 to 59,Absence of Chronic Disease,Estimate,Percentage,85.3
2011,Canada,2016A000011124,Hypertension,Females,Ages 40 to 59,Absence of Chronic Disease,"Low 95% confidence interval, estimate",Percentage,79.4
2011,Canada,2016A000011124,Hypertension,Females,Ages 40 to 59,Absence of Chronic Disease,"High 95% confidence interval, estimate",Percentage,89.7
2011,Canada,2016A000011124,Hypertension,Females,Ages 60 to 79,Presence of Chronic Disease,Estimate,Percentage,47.0
2011,Canada,2016A000011124,Hypertension,Females,Ages 60 to 79,Presence of Chronic Disease,"Low 95% confidence interval, estimate",Percentage,40.2
2011,Canada,2016A000011124,Hypertension,Females,Ages 60 to 79,Presence of Chronic Disease,"High 95% confidence interval, estimate",Percentage,53.9
2011,Canada,2016A000011124,Hypertension,Females,Ages 60 to 79,Absence of Chronic Disease,Estimate,Percentage,53.0
2011,Canada,2016A000011124,Hypertension,Females,Ages 60 to 79,Absence of Chronic Disease,"Low 95% confidence interval, estimate",Percentage,46.1
2011,Canada,2016A000011124,Hypertension,Females,Ages 60 to 79,Absence of Chronic Disease,"High 95% confidence interval, estimate",Percentage,59.8
2011,Canada,2016A000011124,Chronic obstructive pulmonary disease (COPD),Both sexes,Ages 35 to 79,Presence of Chronic Disease,Estimate,Percentage,14.1
2011,Canada,2016A000011124,Chronic obstructive pulmonary disease (COPD),Both sexes,Ages 35 to 79,Presence of Chronic Disease,"Low 95% confidence interval, estimate",Percentage,11.6
2011,Canada,2016A000011124,Chronic obstructive pulmonary disease (COPD),Both sexes,Ages 35 to 79,Presence of Chronic Disease,"High 95% confidence interval, estimate",Percentage,17.0
2011,Canada,2016A000011124,Chronic obstructive pulmonary disease (COPD),Both sexes,Ages 35 to 79,Absence of Chronic Disease,Estimate,Percentage,85.9
2011,Canada,2016A000011124,Chronic obstructive pulmonary disease (COPD),Both sexes,Ages 35 to 79,Absence of Chronic Disease,"Low 95% confidence interval, estimate",Percentage,83.0
2011,Canada,2016A000011124,Chronic obstructive pulmonary disease (COPD),Both sexes,Ages 35 to 79,Absence of Chronic Disease,"High 95% confidence interval, estimate",Percentage,88.4
2011,Canada,2016A000011124,Chronic obstructive pulmonary disease (COPD),Both sexes,Ages 35 to 59,Presence of Chronic Disease,Estimate,Percentage,14.2
2011,Canada,2016A000011124,Chronic obstructive pulmonary disease (COPD),Both sexes,Ages 35 to 59,Presence of Chronic Disease,"Low 95% confidence interval, estimate",Percentage,11.2
2011,Canada,2016A000011124,Chronic obstructive pulmonary disease (COPD),Both sexes,Ages 35 to 59,Presence of Chronic Disease,"High 95% confidence interval, estimate",Percentage,17.9
2011,Canada,2016A000011124,Chronic obstructive pulmonary disease (COPD),Both sexes,Ages 35 to 59,Absence of Chronic Disease,Estimate,Percentage,85.8
2011,Canada,2016A000011124,Chronic obstructive pulmonary disease (COPD),Both sexes,Ages 35 to 59,Absence of Chronic Disease,"Low 95% confidence interval, estimate",Percentage,82.1
2011,Canada,2016A000011124,Chronic obstructive pulmonary disease (COPD),Both sexes,Ages 35 to 59,Absence of Chronic Disease,"High 95% confidence interval, estimate",Percentage,88.8
2011,Canada,2016A000011124,Chronic obstructive pulmonary disease (COPD),Both sexes,Ages 60 to 79,Presence of Chronic Disease,Estimate,Percentage,14.0
2011,Canada,2016A000011124,Chronic obstructive pulmonary disease (COPD),Both sexes,Ages 60 to 79,Presence of Chronic Disease,"Low 95% confidence interval, estimate",Percentage,11.1
2011,Canada,2016A000011124,Chronic obstructive pulmonary disease (COPD),Both sexes,Ages 60 to 79,Presence of Chronic Disease,"High 95% confidence interval, estimate",Percentage,17.4
2011,Canada,2016A000011124,Chronic obstructive pulmonary disease (COPD),Both sexes,Ages 60 to 79,Absence of Chronic Disease,Estimate,Percentage,86.0
2011,Canada,2016A000011124,Chronic obstructive pulmonary disease (COPD),Both sexes,Ages 60 to 79,Absence of Chronic Disease,"Low 95% confidence interval, estimate",Percentage,82.6
2011,Canada,2016A000011124,Chronic obstructive pulmonary disease (COPD),Both sexes,Ages 60 to 79,Absence of Chronic Disease,"High 95% confidence interval, estimate",Percentage,88.9
2011,Canada,2016A000011124,Chronic obstructive pulmonary disease (COPD),Males,Ages 35 to 79,Presence of Chronic Disease,Estimate,Percentage,12.6
2011,Canada,2016A000011124,Chronic obstructive pulmonary disease (COPD),Males,Ages 35 to 79,Presence of Chronic Disease,"Low 95% confidence interval, estimate",Percentage,10.8
2011,Canada,2016A000011124,Chronic obstructive pulmonary disease (COPD),Males,Ages 35 to 79,Presence of Chronic Disease,"High 95% confidence interval, estimate",Percentage,14.7
2011,Canada,2016A000011124,Chronic obstructive pulmonary disease (COPD),Males,Ages 35 to 79,Absence of Chronic Disease,Estimate,Percentage,87.4
2011,Canada,2016A000011124,Chronic obstructive pulmonary disease (COPD),Males,Ages 35 to 79,Absence of Chronic Disease,"Low 95% confidence interval, estimate",Percentage,85.3
2011,Canada,2016A000011124,Chronic obstructive pulmonary disease (COPD),Males,Ages 35 to 79,Absence of Chronic Disease,"High 95% confidence interval, estimate",Percentage,89.2
2011,Canada,2016A000011124,Chronic obstructive pulmonary disease (COPD),Males,Ages 35 to 59,Presence of Chronic Disease,Estimate,Percentage,12.9
2011,Canada,2016A000011124,Chronic obstructive pulmonary disease (COPD),Males,Ages 35 to 59,Presence of Chronic Disease,"Low 95% confidence interval, estimate",Percentage,9.6
2011,Canada,2016A000011124,Chronic obstructive pulmonary disease (COPD),Males,Ages 35 to 59,Presence of Chronic Disease,"High 95% confidence interval, estimate",Percentage,17.0
2011,Canada,2016A000011124,Chronic obstructive pulmonary disease (COPD),Males,Ages 35 to 59,Absence of Chronic Disease,Estimate,Percentage,87.1
2011,Canada,2016A000011124,Chronic obstructive pulmonary disease (COPD),Males,Ages 35 to 59,Absence of Chronic Disease,"Low 95% confidence interval, estimate",Percentage,83.0
2011,Canada,2016A000011124,Chronic obstructive pulmonary disease (COPD),Males,Ages 35 to 59,Absence of Chronic Disease,"High 95% confidence interval, estimate",Percentage,90.4
2011,Canada,2016A000011124,Chronic obstructive pulmonary disease (COPD),Males,Ages 60 to 79,Presence of Chronic Disease,Estimate,Percentage,12.2
2011,Canada,2016A000011124,Chronic obstructive pulmonary disease (COPD),Males,Ages 60 to 79,Presence of Chronic Disease,"Low 95% confidence interval, estimate",Percentage,8.7
2011,Canada,2016A000011124,Chronic obstructive pulmonary disease (COPD),Males,Ages 60 to 79,Presence of Chronic Disease,"High 95% confidence interval, estimate",Percentage,16.7
2011,Canada,2016A000011124,Chronic obstructive pulmonary disease (COPD),Males,Ages 60 to 79,Absence of Chronic Disease,Estimate,Percentage,87.8
2011,Canada,2016A000011124,Chronic obstructive pulmonary disease (COPD),Males,Ages 60 to 79,Absence of Chronic Disease,"Low 95% confidence interval, estimate",Percentage,83.3
2011,Canada,2016A000011124,Chronic obstructive pulmonary disease (COPD),Males,Ages 60 to 79,Absence of Chronic Disease,"High 95% confidence interval, estimate",Percentage,91.3
2011,Canada,2016A000011124,Chronic obstructive pulmonary disease (COPD),Females,Ages 35 to 79,Presence of Chronic Disease,Estimate,Percentage,15.5
2011,Canada,2016A000011124,Chronic obstructive pulmonary disease (COPD),Females,Ages 35 to 79,Presence of Chronic Disease,"Low 95% confidence interval, estimate",Percentage,10.8
2011,Canada,2016A000011124,Chronic obstructive pulmonary disease (COPD),Females,Ages 35 to 79,Presence of Chronic Disease,"High 95% confidence interval, estimate",Percentage,21.9
2011,Canada,2016A000011124,Chronic obstructive pulmonary disease (COPD),Females,Ages 35 to 79,Absence of Chronic Disease,Estimate,Percentage,84.5
2011,Canada,2016A000011124,Chronic obstructive pulmonary disease (COPD),Females,Ages 35 to 79,Absence of Chronic Disease,"Low 95% confidence interval, estimate",Percentage,78.1
2011,Canada,2016A000011124,Chronic obstructive pulmonary disease (COPD),Females,Ages 35 to 79,Absence of Chronic Disease,"High 95% confidence interval, estimate",Percentage,89.2
2011,Canada,2016A000011124,Chronic obstructive pulmonary disease (COPD),Females,Ages 35 to 59,Presence of Chronic Disease,Estimate,Percentage,15.5
2011,Canada,2016A000011124,Chronic obstructive pulmonary disease (COPD),Females,Ages 35 to 59,Presence of Chronic Disease,"Low 95% confidence interval, estimate",Percentage,9.0
2011,Canada,2016A000011124,Chronic obstructive pulmonary disease (COPD),Females,Ages 35 to 59,Presence of Chronic Disease,"High 95% confidence interval, estimate",Percentage,25.5
2011,Canada,2016A000011124,Chronic obstructive pulmonary disease (COPD),Females,Ages 35 to 59,Absence of Chronic Disease,Estimate,Percentage,84.5
2011,Canada,2016A000011124,Chronic obstructive pulmonary disease (COPD),Females,Ages 35 to 59,Absence of Chronic Disease,"Low 95% confidence interval, estimate",Percentage,74.5
2011,Canada,2016A000011124,Chronic obstructive pulmonary disease (COPD),Females,Ages 35 to 59,Absence of Chronic Disease,"High 95% confidence interval, estimate",Percentage,91.0
2011,Canada,2016A000011124,Chronic obstructive pulmonary disease (COPD),Females,Ages 60 to 79,Presence of Chronic Disease,Estimate,Percentage,15.7
2011,Canada,2016A000011124,Chronic obstructive pulmonary disease (COPD),Females,Ages 60 to 79,Presence of Chronic Disease,"Low 95% confidence interval, estimate",Percentage,11.7
2011,Canada,2016A000011124,Chronic obstructive pulmonary disease (COPD),Females,Ages 60 to 79,Presence of Chronic Disease,"High 95% confidence interval, estimate",Percentage,20.7
2011,Canada,2016A000011124,Chronic obstructive pulmonary disease (COPD),Females,Ages 60 to 79,Absence of Chronic Disease,Estimate,Percentage,84.3
2011,Canada,2016A000011124,Chronic obstructive pulmonary disease (COPD),Females,Ages 60 to 79,Absence of Chronic Disease,"Low 95% confidence interval, estimate",Percentage,79.3
2011,Canada,2016A000011124,Chronic obstructive pulmonary disease (COPD),Females,Ages 60 to 79,Absence of Chronic Disease,"High 95% confidence interval, estimate",Percentage,88.3
2013,Canada,2016A000011124,Hypertension,Both sexes,Ages 6 to 79,Presence of Chronic Disease,Estimate,Percentage,18.0
2013,Canada,2016A000011124,Hypertension,Both sexes,Ages 6 to 79,Presence of Chronic Disease,"Low 95% confidence interval, estimate",Percentage,15.8
2013,Canada,2016A000011124,Hypertension,Both sexes,Ages 6 to 79,Presence of Chronic Disease,"High 95% confidence interval, estimate",Percentage,20.4
2013,Canada,2016A000011124,Hypertension,Both sexes,Ages 6 to 79,Absence of Chronic Disease,Estimate,Percentage,82.0
2013,Canada,2016A000011124,Hypertension,Both sexes,Ages 6 to 79,Absence of Chronic Disease,"Low 95% confidence interval, estimate",Percentage,79.6
2013,Canada,2016A000011124,Hypertension,Both sexes,Ages 6 to 79,Absence of Chronic Disease,"High 95% confidence interval, estimate",Percentage,84.2
2013,Canada,2016A000011124,Hypertension,Both sexes,Ages 6 to 11,Presence of Chronic Disease,Estimate,Percentage,3.5
2013,Canada,2016A000011124,Hypertension,Both sexes,Ages 6 to 11,Presence of Chronic Disease,"Low 95% confidence interval, estimate",Percentage,2.1
2013,Canada,2016A000011124,Hypertension,Both sexes,Ages 6 to 11,Presence of Chronic Disease,"High 95% confidence interval, estimate",Percentage,5.9
2013,Canada,2016A000011124,Hypertension,Both sexes,Ages 6 to 11,Absence of Chronic Disease,Estimate,Percentage,96.5
2013,Canada,2016A000011124,Hypertension,Both sexes,Ages 6 to 11,Absence of Chronic Disease,"Low 95% confidence interval, estimate",Percentage,94.1
2013,Canada,2016A000011124,Hypertension,Both sexes,Ages 6 to 11,Absence of Chronic Disease,"High 95% confidence interval, estimate",Percentage,97.9
2013,Canada,2016A000011124,Hypertension,Both sexes,Ages 12 to 19,Presence of Chronic Disease,Estimate,Percentage,
2013,Canada,2016A000011124,Hypertension,Both sexes,Ages 12 to 19,Presence of Chronic Disease,"Low 95% confidence interval, estimate",Percentage,
2013,Canada,2016A000011124,Hypertension,Both sexes,Ages 12 to 19,Presence of Chronic Disease,"High 95% confidence interval, estimate",Percentage,
2013,Canada,2016A000011124,Hypertension,Both sexes,Ages 12 to 19,Absence of Chronic Disease,Estimate,Percentage,99.7
2013,Canada,2016A000011124,Hypertension,Both sexes,Ages 12 to 19,Absence of Chronic Disease,"Low 95% confidence interval, estimate",Percentage,99.1
2013,Canada,2016A000011124,Hypertension,Both sexes,Ages 12 to 19,Absence of Chronic Disease,"High 95% confidence interval, estimate",Percentage,99.9
2013,Canada,2016A000011124,Hypertension,Both sexes,Ages 20 to 39,Presence of Chronic Disease,Estimate,Percentage,3.6
2013,Canada,2016A000011124,Hypertension,Both sexes,Ages 20 to 39,Presence of Chronic Disease,"Low 95% confidence interval, estimate",Percentage,2.0
2013,Canada,2016A000011124,Hypertension,Both sexes,Ages 20 to 39,Presence of Chronic Disease,"High 95% confidence interval, estimate",Percentage,6.3
2013,Canada,2016A000011124,Hypertension,Both sexes,Ages 20 to 39,Absence of Chronic Disease,Estimate,Percentage,96.4
2013,Canada,2016A000011124,Hypertension,Both sexes,Ages 20 to 39,Absence of Chronic Disease,"Low 95% confidence interval, estimate",Percentage,93.7
2013,Canada,2016A000011124,Hypertension,Both sexes,Ages 20 to 39,Absence of Chronic Disease,"High 95% confidence interval, estimate",Percentage,98.0
2013,Canada,2016A000011124,Hypertension,Both sexes,Ages 40 to 59,Presence of Chronic Disease,Estimate,Percentage,21.7
2013,Canada,2016A000011124,Hypertension,Both sexes,Ages 40 to 59,Presence of Chronic Disease,"Low 95% confidence interval, estimate",Percentage,16.5
2013,Canada,2016A000011124,Hypertension,Both sexes,Ages 40 to 59,Presence of Chronic Disease,"High 95% confidence interval, estimate",Percentage,27.9
2013,Canada,2016A000011124,Hypertension,Both sexes,Ages 40 to 59,Absence of Chronic Disease,Estimate,Percentage,78.3
2013,Canada,2016A000011124,Hypertension,Both sexes,Ages 40 to 59,Absence of Chronic Disease,"Low 95% confidence interval, estimate",Percentage,72.1
2013,Canada,2016A000011124,Hypertension,Both sexes,Ages 40 to 59,Absence of Chronic Disease,"High 95% confidence interval, estimate",Percentage,83.5
2013,Canada,2016A000011124,Hypertension,Both sexes,Ages 60 to 79,Presence of Chronic Disease,Estimate,Percentage,52.0
2013,Canada,2016A000011124,Hypertension,Both sexes,Ages 60 to 79,Presence of Chronic Disease,"Low 95% confidence interval, estimate",Percentage,47.2
2013,Canada,2016A000011124,Hypertension,Both sexes,Ages 60 to 79,Presence of Chronic Disease,"High 95% confidence interval, estimate",Percentage,56.9
2013,Canada,2016A000011124,Hypertension,Both sexes,Ages 60 to 79,Absence of Chronic Disease,Estimate,Percentage,48.0
2013,Canada,2016A000011124,Hypertension,Both sexes,Ages 60 to 79,Absence of Chronic Disease,"Low 95% confidence interval, estimate",Percentage,43.1
2013,Canada,2016A000011124,Hypertension,Both sexes,Ages 60 to 79,Absence of Chronic Disease,"High 95% confidence interval, estimate",Percentage,52.8
2013,Canada,2016A000011124,Hypertension,Males,Ages 6 to 79,Presence of Chronic Disease,Estimate,Percentage,20.8
2013,Canada,2016A000011124,Hypertension,Males,Ages 6 to 79,Presence of Chronic Disease,"Low 95% confidence interval, estimate",Percentage,16.9
2013,Canada,2016A000011124,Hypertension,Males,Ages 6 to 79,Presence of Chronic Disease,"High 95% confidence interval, estimate",Percentage,25.2
2013,Canada,2016A000011124,Hypertension,Males,Ages 6 to 79,Absence of Chronic Disease,Estimate,Percentage,79.2
2013,Canada,2016A000011124,Hypertension,Males,Ages 6 to 79,Absence of Chronic Disease,"Low 95% confidence interval, estimate",Percentage,74.8
2013,Canada,2016A000011124,Hypertension,Males,Ages 6 to 79,Absence of Chronic Disease,"High 95% confidence interval, estimate",Percentage,83.1
2013,Canada,2016A000011124,Hypertension,Males,Ages 6 to 11,Presence of Chronic Disease,Estimate,Percentage,3.3
2013,Canada,2016A000011124,Hypertension,Males,Ages 6 to 11,Presence of Chronic Disease,"Low 95% confidence interval, estimate",Percentage,1.8
2013,Canada,2016A000011124,Hypertension,Males,Ages 6 to 11,Presence of Chronic Disease,"High 95% confidence interval, estimate",Percentage,6.2
2013,Canada,2016A000011124,Hypertension,Males,Ages 6 to 11,Absence of Chronic Disease,Estimate,Percentage,96.7
2013,Canada,2016A000011124,Hypertension,Males,Ages 6 to 11,Absence of Chronic Disease,"Low 95% confidence interval, estimate",Percentage,93.8
2013,Canada,2016A000011124,Hypertension,Males,Ages 6 to 11,Absence of Chronic Disease,"High 95% confidence interval, estimate",Percentage,98.2
2013,Canada,2016A000011124,Hypertension,Males,Ages 12 to 19,Presence of Chronic Disease,Estimate,Percentage,
2013,Canada,2016A000011124,Hypertension,Males,Ages 12 to 19,Presence of Chronic Disease,"Low 95% confidence interval, estimate",Percentage,
2013,Canada,2016A000011124,Hypertension,Males,Ages 12 to 19,Presence of Chronic Disease,"High 95% confidence interval, estimate",Percentage,
2013,Canada,2016A000011124,Hypertension,Males,Ages 12 to 19,Absence of Chronic Disease,Estimate,Percentage,99.5
2013,Canada,2016A000011124,Hypertension,Males,Ages 12 to 19,Absence of Chronic Disease,"Low 95% confidence interval, estimate",Percentage,98.2
2013,Canada,2016A000011124,Hypertension,Males,Ages 12 to 19,Absence of Chronic Disease,"High 95% confidence interval, estimate",Percentage,99.9
2013,Canada,2016A000011124,Hypertension,Males,Ages 20 to 39,Presence of Chronic Disease,Estimate,Percentage,3.2
2013,Canada,2016A000011124,Hypertension,Males,Ages 20 to 39,Presence of Chronic Disease,"Low 95% confidence interval, estimate",Percentage,1.6
2013,Canada,2016A000011124,Hypertension,Males,Ages 20 to 39,Presence of Chronic Disease,"High 95% confidence interval, estimate",Percentage,6.3
2013,Canada,2016A000011124,Hypertension,Males,Ages 20 to 39,Absence of Chronic Disease,Estimate,Percentage,96.8
2013,Canada,2016A000011124,Hypertension,Males,Ages 20 to 39,Absence of Chronic Disease,"Low 95% confidence interval, estimate",Percentage,93.7
2013,Canada,2016A000011124,Hypertension,Males,Ages 20 to 39,Absence of Chronic Disease,"High 95% confidence interval, estimate",Percentage,98.4
2013,Canada,2016A000011124,Hypertension,Males,Ages 40 to 59,Presence of Chronic Disease,Estimate,Percentage,28.6
2013,Canada,2016A000011124,Hypertension,Males,Ages 40 to 59,Presence of Chronic Disease,"Low 95% confidence interval, estimate",Percentage,20.3
2013,Canada,2016A000011124,Hypertension,Males,Ages 40 to 59,Presence of Chronic Disease,"High 95% confidence interval, estimate",Percentage,38.7
2013,Canada,2016A000011124,Hypertension,Males,Ages 40 to 59,Absence of Chronic Disease,Estimate,Percentage,71.4
2013,Canada,2016A000011124,Hypertension,Males,Ages 40 to 59,Absence of Chronic Disease,"Low 95% confidence interval, estimate",Percentage,61.3
2013,Canada,2016A000011124,Hypertension,Males,Ages 40 to 59,Absence of Chronic Disease,"High 95% confidence interval, estimate",Percentage,79.7
2013,Canada,2016A000011124,Hypertension,Males,Ages 60 to 79,Presence of Chronic Disease,Estimate,Percentage,57.6
2013,Canada,2016A000011124,Hypertension,Males,Ages 60 to 79,Presence of Chronic Disease,"Low 95% confidence interval, estimate",Percentage,51.3
2013,Canada,2016A000011124,Hypertension,Males,Ages 60 to 79,Presence of Chronic Disease,"High 95% confidence interval, estimate",Percentage,63.5
2013,Canada,2016A000011124,Hypertension,Males,Ages 60 to 79,Absence of Chronic Disease,Estimate,Percentage,42.4
2013,Canada,2016A000011124,Hypertension,Males,Ages 60 to 79,Absence of Chronic Disease,"Low 95% confidence interval, estimate",Percentage,36.5
2013,Canada,2016A000011124,Hypertension,Males,Ages 60 to 79,Absence of Chronic Disease,"High 95% confidence interval, estimate",Percentage,48.7
2013,Canada,2016A000011124,Hypertension,Females,Ages 6 to 79,Presence of Chronic Disease,Estimate,Percentage,15.2
2013,Canada,2016A000011124,Hypertension,Females,Ages 6 to 79,Presence of Chronic Disease,"Low 95% confidence interval, estimate",Percentage,13.0
2013,Canada,2016A000011124,Hypertension,Females,Ages 6 to 79,Presence of Chronic Disease,"High 95% confidence interval, estimate",Percentage,17.8
2013,Canada,2016A000011124,Hypertension,Females,Ages 6 to 79,Absence of Chronic Disease,Estimate,Percentage,84.8
2013,Canada,2016A000011124,Hypertension,Females,Ages 6 to 79,Absence of Chronic Disease,"Low 95% confidence interval, estimate",Percentage,82.2
2013,Canada,2016A000011124,Hypertension,Females,Ages 6 to 79,Absence of Chronic Disease,"High 95% confidence interval, estimate",Percentage,87.0
2013,Canada,2016A000011124,Hypertension,Females,Ages 6 to 11,Presence of Chronic Disease,Estimate,Percentage,
2013,Canada,2016A000011124,Hypertension,Females,Ages 6 to 11,Presence of Chronic Disease,"Low 95% confidence interval, estimate",Percentage,
2013,Canada,2016A000011124,Hypertension,Females,Ages 6 to 11,Presence of Chronic Disease,"High 95% confidence interval, estimate",Percentage,
2013,Canada,2016A000011124,Hypertension,Females,Ages 6 to 11,Absence of Chronic Disease,Estimate,Percentage,96.3
2013,Canada,2016A000011124,Hypertension,Females,Ages 6 to 11,Absence of Chronic Disease,"Low 95% confidence interval, estimate",Percentage,92.2
2013,Canada,2016A000011124,Hypertension,Females,Ages 6 to 11,Absence of Chronic Disease,"High 95% confidence interval, estimate",Percentage,98.2
2013,Canada,2016A000011124,Hypertension,Females,Ages 12 to 19,Presence of Chronic Disease,Estimate,Percentage,
2013,Canada,2016A000011124,Hypertension,Females,Ages 12 to 19,Presence of Chronic Disease,"Low 95% confidence interval, estimate",Percentage,
2013,Canada,2016A000011124,Hypertension,Females,Ages 12 to 19,Presence of Chronic Disease,"High 95% confidence interval, estimate",Percentage,
2013,Canada,2016A000011124,Hypertension,Females,Ages 12 to 19,Absence of Chronic Disease,Estimate,Percentage,99.8
2013,Canada,2016A000011124,Hypertension,Females,Ages 12 to 19,Absence of Chronic Disease,"Low 95% confidence interval, estimate",Percentage,99.0
2013,Canada,2016A000011124,Hypertension,Females,Ages 12 to 19,Absence of Chronic Disease,"High 95% confidence interval, estimate",Percentage,100.0
2013,Canada,2016A000011124,Hypertension,Females,Ages 20 to 39,Presence of Chronic Disease,Estimate,Percentage,
2013,Canada,2016A000011124,Hypertension,Females,Ages 20 to 39,Presence of Chronic Disease,"Low 95% confidence interval, estimate",Percentage,
2013,Canada,2016A000011124,Hypertension,Females,Ages 20 to 39,Presence of Chronic Disease,"High 95% confidence interval, estimate",Percentage,
2013,Canada,2016A000011124,Hypertension,Females,Ages 20 to 39,Absence of Chronic Disease,Estimate,Percentage,96.0
2013,Canada,2016A000011124,Hypertension,Females,Ages 20 to 39,Absence of Chronic Disease,"Low 95% confidence interval, estimate",Percentage,91.0
2013,Canada,2016A000011124,Hypertension,Females,Ages 20 to 39,Absence of Chronic Disease,"High 95% confidence interval, estimate",Percentage,98.3
2013,Canada,2016A000011124,Hypertension,Females,Ages 40 to 59,Presence of Chronic Disease,Estimate,Percentage,14.7
2013,Canada,2016A000011124,Hypertension,Females,Ages 40 to 59,Presence of Chronic Disease,"Low 95% confidence interval, estimate",Percentage,10.3
2013,Canada,2016A000011124,Hypertension,Females,Ages 40 to 59,Presence of Chronic Disease,"High 95% confidence interval, estimate",Percentage,20.6
2013,Canada,2016A000011124,Hypertension,Females,Ages 40 to 59,Absence of Chronic Disease,Estimate,Percentage,85.3
2013,Canada,2016A000011124,Hypertension,Females,Ages 40 to 59,Absence of Chronic Disease,"Low 95% confidence interval, estimate",Percentage,79.4
2013,Canada,2016A000011124,Hypertension,Females,Ages 40 to 59,Absence of Chronic Disease,"High 95% confidence interval, estimate",Percentage,89.7
2013,Canada,2016A000011124,Hypertension,Females,Ages 60 to 79,Presence of Chronic Disease,Estimate,Percentage,47.0
2013,Canada,2016A000011124,Hypertension,Females,Ages 60 to 79,Presence of Chronic Disease,"Low 95% confidence interval, estimate",Percentage,40.2
2013,Canada,2016A000011124,Hypertension,Females,Ages 60 to 79,Presence of Chronic Disease,"High 95% confidence interval, estimate",Percentage,53.9
2013,Canada,2016A000011124,Hypertension,Females,Ages 60 to 79,Absence of Chronic Disease,Estimate,Percentage,53.0
2013,Canada,2016A000011124,Hypertension,Females,Ages 60 to 79,Absence of Chronic Disease,"Low 95% confidence interval, estimate",Percentage,46.1
2013,Canada,2016A000011124,Hypertension,Females,Ages 60 to 79,Absence of Chronic Disease,"High 95% confidence interval, estimate",Percentage,59.8
2013,Canada,2016A000011124,Chronic obstructive pulmonary disease (COPD),Both sexes,Ages 35 to 79,Presence of Chronic Disease,Estimate,Percentage,12.9
2013,Canada,2016A000011124,Chronic obstructive pulmonary disease (COPD),Both sexes,Ages 35 to 79,Presence of Chronic Disease,"Low 95% confidence interval, estimate",Percentage,10.2
2013,Canada,2016A000011124,Chronic obstructive pulmonary disease (COPD),Both sexes,Ages 35 to 79,Presence of Chronic Disease,"High 95% confidence interval, estimate",Percentage,16.3
2013,Canada,2016A000011124,Chronic obstructive pulmonary disease (COPD),Both sexes,Ages 35 to 79,Absence of Chronic Disease,Estimate,Percentage,87.1
2013,Canada,2016A000011124,Chronic obstructive pulmonary disease (COPD),Both sexes,Ages 35 to 79,Absence of Chronic Disease,"Low 95% confidence interval, estimate",Percentage,83.7
2013,Canada,2016A000011124,Chronic obstructive pulmonary disease (COPD),Both sexes,Ages 35 to 79,Absence of Chronic Disease,"High 95% confidence interval, estimate",Percentage,89.8
2013,Canada,2016A000011124,Chronic obstructive pulmonary disease (COPD),Both sexes,Ages 35 to 59,Presence of Chronic Disease,Estimate,Percentage,13.1
2013,Canada,2016A000011124,Chronic obstructive pulmonary disease (COPD),Both sexes,Ages 35 to 59,Presence of Chronic Disease,"Low 95% confidence interval, estimate",Percentage,9.7
2013,Canada,2016A000011124,Chronic obstructive pulmonary disease (COPD),Both sexes,Ages 35 to 59,Presence of Chronic Disease,"High 95% confidence interval, estimate",Percentage,17.3
2013,Canada,2016A000011124,Chronic obstructive pulmonary disease (COPD),Both sexes,Ages 35 to 59,Absence of Chronic Disease,Estimate,Percentage,86.9
2013,Canada,2016A000011124,Chronic obstructive pulmonary disease (COPD),Both sexes,Ages 35 to 59,Absence of Chronic Disease,"Low 95% confidence interval, estimate",Percentage,82.7
2013,Canada,2016A000011124,Chronic obstructive pulmonary disease (COPD),Both sexes,Ages 35 to 59,Absence of Chronic Disease,"High 95% confidence interval, estimate",Percentage,90.3
2013,Canada,2016A000011124,Chronic obstructive pulmonary disease (COPD),Both sexes,Ages 60 to 79,Presence of Chronic Disease,Estimate,Percentage,12.7
2013,Canada,2016A000011124,Chronic obstructive pulmonary disease (COPD),Both sexes,Ages 60 to 79,Presence of Chronic Disease,"Low 95% confidence interval, estimate",Percentage,9.4
2013,Canada,2016A000011124,Chronic obstructive pulmonary disease (COPD),Both sexes,Ages 60 to 79,Presence of Chronic Disease,"High 95% confidence interval, estimate",Percentage,16.9
2013,Canada,2016A000011124,Chronic obstructive pulmonary disease (COPD),Both sexes,Ages 60 to 79,Absence of Chronic Disease,Estimate,Percentage,87.3
2013,Canada,2016A000011124,Chronic obstructive pulmonary disease (COPD),Both sexes,Ages 60 to 79,Absence of Chronic Disease,"Low 95% confidence interval, estimate",Percentage,83.1
2013,Canada,2016A000011124,Chronic obstructive pulmonary disease (COPD),Both sexes,Ages 60 to 79,Absence of Chronic Disease,"High 95% confidence interval, estimate",Percentage,90.6
2013,Canada,2016A000011124,Chronic obstructive pulmonary disease (COPD),Males,Ages 35 to 79,Presence of Chronic Disease,Estimate,Percentage,11.9
2013,Canada,2016A000011124,Chronic obstructive pulmonary disease (COPD),Males,Ages 35 to 79,Presence of Chronic Disease,"Low 95% confidence interval, estimate",Percentage,7.3
2013,Canada,2016A000011124,Chronic obstructive pulmonary disease (COPD),Males,Ages 35 to 79,Presence of Chronic Disease,"High 95% confidence interval, estimate",Percentage,18.7
2013,Canada,2016A000011124,Chronic obstructive pulmonary disease (COPD),Males,Ages 35 to 79,Absence of Chronic Disease,Estimate,Percentage,88.1
2013,Canada,2016A000011124,Chronic obstructive pulmonary disease (COPD),Males,Ages 35 to 79,Absence of Chronic Disease,"Low 95% confidence interval, estimate",Percentage,81.3
2013,Canada,2016A000011124,Chronic obstructive pulmonary disease (COPD),Males,Ages 35 to 79,Absence of Chronic Disease,"High 95% confidence interval, estimate",Percentage,92.7
2013,Canada,2016A000011124,Chronic obstructive pulmonary disease (COPD),Males,Ages 35 to 59,Presence of Chronic Disease,Estimate,Percentage,11.5
2013,Canada,2016A000011124,Chronic obstructive pulmonary disease (COPD),Males,Ages 35 to 59,Presence of Chronic Disease,"Low 95% confidence interval, estimate",Percentage,6.1
2013,Canada,2016A000011124,Chronic obstructive pulmonary disease (COPD),Males,Ages 35 to 59,Presence of Chronic Disease,"High 95% confidence interval, estimate",Percentage,20.5
2013,Canada,2016A000011124,Chronic obstructive pulmonary disease (COPD),Males,Ages 35 to 59,Absence of Chronic Disease,Estimate,Percentage,88.5
2013,Canada,2016A000011124,Chronic obstructive pulmonary disease (COPD),Males,Ages 35 to 59,Absence of Chronic Disease,"Low 95% confidence interval, estimate",Percentage,79.5
2013,Canada,2016A000011124,Chronic obstructive pulmonary disease (COPD),Males,Ages 35 to 59,Absence of Chronic Disease,"High 95% confidence interval, estimate",Percentage,93.9
2013,Canada,2016A000011124,Chronic obstructive pulmonary disease (COPD),Males,Ages 60 to 79,Presence of Chronic Disease,Estimate,Percentage,12.7
2013,Canada,2016A000011124,Chronic obstructive pulmonary disease (COPD),Males,Ages 60 to 79,Presence of Chronic Disease,"Low 95% confidence interval, estimate",Percentage,9.4
2013,Canada,2016A000011124,Chronic obstructive pulmonary disease (COPD),Males,Ages 60 to 79,Presence of Chronic Disease,"High 95% confidence interval, estimate",Percentage,16.8
2013,Canada,2016A000011124,Chronic obstructive pulmonary disease (COPD),Males,Ages 60 to 79,Absence of Chronic Disease,Estimate,Percentage,87.3
2013,Canada,2016A000011124,Chronic obstructive pulmonary disease (COPD),Males,Ages 60 to 79,Absence of Chronic Disease,"Low 95% confidence interval, estimate",Percentage,83.2
2013,Canada,2016A000011124,Chronic obstructive pulmonary disease (COPD),Males,Ages 60 to 79,Absence of Chronic Disease,"High 95% confidence interval, estimate",Percentage,90.6
2013,Canada,2016A000011124,Chronic obstructive pulmonary disease (COPD),Females,Ages 35 to 79,Presence of Chronic Disease,Estimate,Percentage,14.0
2013,Canada,2016A000011124,Chronic obstructive pulmonary disease (COPD),Females,Ages 35 to 79,Presence of Chronic Disease,"Low 95% confidence interval, estimate",Percentage,11.0
2013,Canada,2016A000011124,Chronic obstructive pulmonary disease (COPD),Females,Ages 35 to 79,Presence of Chronic Disease,"High 95% confidence interval, estimate",Percentage,17.5
2013,Canada,2016A000011124,Chronic obstructive pulmonary disease (COPD),Females,Ages 35 to 79,Absence of Chronic Disease,Estimate,Percentage,86.0
2013,Canada,2016A000011124,Chronic obstructive pulmonary disease (COPD),Females,Ages 35 to 79,Absence of Chronic Disease,"Low 95% confidence interval, estimate",Percentage,82.5
2013,Canada,2016A000011124,Chronic obstructive pulmonary disease (COPD),Females,Ages 35 to 79,Absence of Chronic Disease,"High 95% confidence interval, estimate",Percentage,89.0
2013,Canada,2016A000011124,Chronic obstructive pulmonary disease (COPD),Females,Ages 35 to 59,Presence of Chronic Disease,Estimate,Percentage,14.6
2013,Canada,2016A000011124,Chronic obstructive pulmonary disease (COPD),Females,Ages 35 to 59,Presence of Chronic Disease,"Low 95% confidence interval, estimate",Percentage,10.1
2013,Canada,2016A000011124,Chronic obstructive pulmonary disease (COPD),Females,Ages 35 to 59,Presence of Chronic Disease,"High 95% confidence interval, estimate",Percentage,20.6
2013,Canada,2016A000011124,Chronic obstructive pulmonary disease (COPD),Females,Ages 35 to 59,Absence of Chronic Disease,Estimate,Percentage,85.4
2013,Canada,2016A000011124,Chronic obstructive pulmonary disease (COPD),Females,Ages 35 to 59,Absence of Chronic Disease,"Low 95% confidence interval, estimate",Percentage,79.4
2013,Canada,2016A000011124,Chronic obstructive pulmonary disease (COPD),Females,Ages 35 to 59,Absence of Chronic Disease,"High 95% confidence interval, estimate",Percentage,89.9
2013,Canada,2016A000011124,Chronic obstructive pulmonary disease (COPD),Females,Ages 60 to 79,Presence of Chronic Disease,Estimate,Percentage,12.6
2013,Canada,2016A000011124,Chronic obstructive pulmonary disease (COPD),Females,Ages 60 to 79,Presence of Chronic Disease,"Low 95% confidence interval, estimate",Percentage,8.1
2013,Canada,2016A000011124,Chronic obstructive pulmonary disease (COPD),Females,Ages 60 to 79,Presence of Chronic Disease,"High 95% confidence interval, estimate",Percentage,19.1
2013,Canada,2016A000011124,Chronic obstructive pulmonary disease (COPD),Females,Ages 60 to 79,Absence of Chronic Disease,Estimate,Percentage,87.4
2013,Canada,2016A000011124,Chronic obstructive pulmonary disease (COPD),Females,Ages 60 to 79,Absence of Chronic Disease,"Low 95% confidence interval, estimate",Percentage,80.9
2013,Canada,2016A000011124,Chronic obstructive pulmonary disease (COPD),Females,Ages 60 to 79,Absence of Chronic Disease,"High 95% confidence interval, estimate",Percentage,91.9
2015,Canada,2016A000011124,Hypertension,Both sexes,Ages 6 to 79,Presence of Chronic Disease,Estimate,Percentage,18.7
2015,Canada,2016A000011124,Hypertension,Both sexes,Ages 6 to 79,Presence of Chronic Disease,"Low 95% confidence interval, estimate",Percentage,15.8
2015,Canada,2016A000011124,Hypertension,Both sexes,Ages 6 to 79,Presence of Chronic Disease,"High 95% confidence interval, estimate",Percentage,22.0
2015,Canada,2016A000011124,Hypertension,Both sexes,Ages 6 to 79,Absence of Chronic Disease,Estimate,Percentage,81.3
2015,Canada,2016A000011124,Hypertension,Both sexes,Ages 6 to 79,Absence of Chronic Disease,"Low 95% confidence interval, estimate",Percentage,78.0
2015,Canada,2016A000011124,Hypertension,Both sexes,Ages 6 to 79,Absence of Chronic Disease,"High 95% confidence interval, estimate",Percentage,84.2
2015,Canada,2016A000011124,Hypertension,Both sexes,Ages 6 to 11,Presence of Chronic Disease,Estimate,Percentage,5.6
2015,Canada,2016A000011124,Hypertension,Both sexes,Ages 6 to 11,Presence of Chronic Disease,"Low 95% confidence interval, estimate",Percentage,4.2
2015,Canada,2016A000011124,Hypertension,Both sexes,Ages 6 to 11,Presence of Chronic Disease,"High 95% confidence interval, estimate",Percentage,7.4
2015,Canada,2016A000011124,Hypertension,Both sexes,Ages 6 to 11,Absence of Chronic Disease,Estimate,Percentage,94.4
2015,Canada,2016A000011124,Hypertension,Both sexes,Ages 6 to 11,Absence of Chronic Disease,"Low 95% confidence interval, estimate",Percentage,92.6
2015,Canada,2016A000011124,Hypertension,Both sexes,Ages 6 to 11,Absence of Chronic Disease,"High 95% confidence interval, estimate",Percentage,95.8
2015,Canada,2016A000011124,Hypertension,Both sexes,Ages 12 to 19,Presence of Chronic Disease,Estimate,Percentage,
2015,Canada,2016A000011124,Hypertension,Both sexes,Ages 12 to 19,Presence of Chronic Disease,"Low 95% confidence interval, estimate",Percentage,
2015,Canada,2016A000011124,Hypertension,Both sexes,Ages 12 to 19,Presence of Chronic Disease,"High 95% confidence interval, estimate",Percentage,
2015,Canada,2016A000011124,Hypertension,Both sexes,Ages 12 to 19,Absence of Chronic Disease,Estimate,Percentage,99.2
2015,Canada,2016A000011124,Hypertension,Both sexes,Ages 12 to 19,Absence of Chronic Disease,"Low 95% confidence interval, estimate",Percentage,97.9
2015,Canada,2016A000011124,Hypertension,Both sexes,Ages 12 to 19,Absence of Chronic Disease,"High 95% confidence interval, estimate",Percentage,99.7
2015,Canada,2016A000011124,Hypertension,Both sexes,Ages 20 to 39,Presence of Chronic Disease,Estimate,Percentage,
2015,Canada,2016A000011124,Hypertension,Both sexes,Ages 20 to 39,Presence of Chronic Disease,"Low 95% confidence interval, estimate",Percentage,
2015,Canada,2016A000011124,Hypertension,Both sexes,Ages 20 to 39,Presence of Chronic Disease,"High 95% confidence interval, estimate",Percentage,
2015,Canada,2016A000011124,Hypertension,Both sexes,Ages 20 to 39,Absence of Chronic Disease,Estimate,Percentage,96.5
2015,Canada,2016A000011124,Hypertension,Both sexes,Ages 20 to 39,Absence of Chronic Disease,"Low 95% confidence interval, estimate",Percentage,92.3
2015,Canada,2016A000011124,Hypertension,Both sexes,Ages 20 to 39,Absence of Chronic Disease,"High 95% confidence interval, estimate",Percentage,98.5
2015,Canada,2016A000011124,Hypertension,Both sexes,Ages 40 to 59,Presence of Chronic Disease,Estimate,Percentage,22.3
2015,Canada,2016A000011124,Hypertension,Both sexes,Ages 40 to 59,Presence of Chronic Disease,"Low 95% confidence interval, estimate",Percentage,16.5
2015,Canada,2016A000011124,Hypertension,Both sexes,Ages 40 to 59,Presence of Chronic Disease,"High 95% confidence interval, estimate",Percentage,29.5
2015,Canada,2016A000011124,Hypertension,Both sexes,Ages 40 to 59,Absence of Chronic Disease,Estimate,Percentage,77.7
2015,Canada,2016A000011124,Hypertension,Both sexes,Ages 40 to 59,Absence of Chronic Disease,"Low 95% confidence interval, estimate",Percentage,70.5
2015,Canada,2016A000011124,Hypertension,Both sexes,Ages 40 to 59,Absence of Chronic Disease,"High 95% confidence interval, estimate",Percentage,83.5
2015,Canada,2016A000011124,Hypertension,Both sexes,Ages 60 to 79,Presence of Chronic Disease,Estimate,Percentage,49.8
2015,Canada,2016A000011124,Hypertension,Both sexes,Ages 60 to 79,Presence of Chronic Disease,"Low 95% confidence interval, estimate",Percentage,45.8
2015,Canada,2016A000011124,Hypertension,Both sexes,Ages 60 to 79,Presence of Chronic Disease,"High 95% confidence interval, estimate",Percentage,53.8
2015,Canada,2016A000011124,Hypertension,Both sexes,Ages 60 to 79,Absence of Chronic Disease,Estimate,Percentage,50.2
2015,Canada,2016A000011124,Hypertension,Both sexes,Ages 60 to 79,Absence of Chronic Disease,"Low 95% confidence interval, estimate",Percentage,46.2
2015,Canada,2016A000011124,Hypertension,Both sexes,Ages 60 to 79,Absence of Chronic Disease,"High 95% confidence interval, estimate",Percentage,54.2
2015,Canada,2016A000011124,Hypertension,Males,Ages 6 to 79,Presence of Chronic Disease,Estimate,Percentage,20.3
2015,Canada,2016A000011124,Hypertension,Males,Ages 6 to 79,Presence of Chronic Disease,"Low 95% confidence interval, estimate",Percentage,17.3
2015,Canada,2016A000011124,Hypertension,Males,Ages 6 to 79,Presence of Chronic Disease,"High 95% confidence interval, estimate",Percentage,23.7
2015,Canada,2016A000011124,Hypertension,Males,Ages 6 to 79,Absence of Chronic Disease,Estimate,Percentage,79.7
2015,Canada,2016A000011124,Hypertension,Males,Ages 6 to 79,Absence of Chronic Disease,"Low 95% confidence interval, estimate",Percentage,76.3
2015,Canada,2016A000011124,Hypertension,Males,Ages 6 to 79,Absence of Chronic Disease,"High 95% confidence interval, estimate",Percentage,82.7
2015,Canada,2016A000011124,Hypertension,Males,Ages 6 to 11,Presence of Chronic Disease,Estimate,Percentage,5.1
2015,Canada,2016A000011124,Hypertension,Males,Ages 6 to 11,Presence of Chronic Disease,"Low 95% confidence interval, estimate",Percentage,3.1
2015,Canada,2016A000011124,Hypertension,Males,Ages 6 to 11,Presence of Chronic Disease,"High 95% confidence interval, estimate",Percentage,8.3
2015,Canada,2016A000011124,Hypertension,Males,Ages 6 to 11,Absence of Chronic Disease,Estimate,Percentage,94.9
2015,Canada,2016A000011124,Hypertension,Males,Ages 6 to 11,Absence of Chronic Disease,"Low 95% confidence interval, estimate",Percentage,91.7
2015,Canada,2016A000011124,Hypertension,Males,Ages 6 to 11,Absence of Chronic Disease,"High 95% confidence interval, estimate",Percentage,96.9
2015,Canada,2016A000011124,Hypertension,Males,Ages 12 to 19,Presence of Chronic Disease,Estimate,Percentage,
2015,Canada,2016A000011124,Hypertension,Males,Ages 12 to 19,Presence of Chronic Disease,"Low 95% confidence interval, estimate",Percentage,
2015,Canada,2016A000011124,Hypertension,Males,Ages 12 to 19,Presence of Chronic Disease,"High 95% confidence interval, estimate",Percentage,
2015,Canada,2016A000011124,Hypertension,Males,Ages 12 to 19,Absence of Chronic Disease,Estimate,Percentage,99.0
2015,Canada,2016A000011124,Hypertension,Males,Ages 12 to 19,Absence of Chronic Disease,"Low 95% confidence interval, estimate",Percentage,97.4
2015,Canada,2016A000011124,Hypertension,Males,Ages 12 to 19,Absence of Chronic Disease,"High 95% confidence interval, estimate",Percentage,99.7
2015,Canada,2016A000011124,Hypertension,Males,Ages 20 to 39,Presence of Chronic Disease,Estimate,Percentage,
2015,Canada,2016A000011124,Hypertension,Males,Ages 20 to 39,Presence of Chronic Disease,"Low 95% confidence interval, estimate",Percentage,
2015,Canada,2016A000011124,Hypertension,Males,Ages 20 to 39,Presence of Chronic Disease,"High 95% confidence interval, estimate",Percentage,
2015,Canada,2016A000011124,Hypertension,Males,Ages 20 to 39,Absence of Chronic Disease,Estimate,Percentage,96.1
2015,Canada,2016A000011124,Hypertension,Males,Ages 20 to 39,Absence of Chronic Disease,"Low 95% confidence interval, estimate",Percentage,91.4
2015,Canada,2016A000011124,Hypertension,Males,Ages 20 to 39,Absence of Chronic Disease,"High 95% confidence interval, estimate",Percentage,98.3
2015,Canada,2016A000011124,Hypertension,Males,Ages 40 to 59,Presence of Chronic Disease,Estimate,Percentage,24.7
2015,Canada,2016A000011124,Hypertension,Males,Ages 40 to 59,Presence of Chronic Disease,"Low 95% confidence interval, estimate",Percentage,19.2
2015,Canada,2016A000011124,Hypertension,Males,Ages 40 to 59,Presence of Chronic Disease,"High 95% confidence interval, estimate",Percentage,31.1
2015,Canada,2016A000011124,Hypertension,Males,Ages 40 to 59,Absence of Chronic Disease,Estimate,Percentage,75.3
2015,Canada,2016A000011124,Hypertension,Males,Ages 40 to 59,Absence of Chronic Disease,"Low 95% confidence interval, estimate",Percentage,68.9
2015,Canada,2016A000011124,Hypertension,Males,Ages 40 to 59,Absence of Chronic Disease,"High 95% confidence interval, estimate",Percentage,80.8
2015,Canada,2016A000011124,Hypertension,Males,Ages 60 to 79,Presence of Chronic Disease,Estimate,Percentage,54.9
2015,Canada,2016A000011124,Hypertension,Males,Ages 60 to 79,Presence of Chronic Disease,"Low 95% confidence interval, estimate",Percentage,47.4
2015,Canada,2016A000011124,Hypertension,Males,Ages 60 to 79,Presence of Chronic Disease,"High 95% confidence interval, estimate",Percentage,62.2
2015,Canada,2016A000011124,Hypertension,Males,Ages 60 to 79,Absence of Chronic Disease,Estimate,Percentage,45.1
2015,Canada,2016A000011124,Hypertension,Males,Ages 60 to 79,Absence of Chronic Disease,"Low 95% confidence interval, estimate",Percentage,37.8
2015,Canada,2016A000011124,Hypertension,Males,Ages 60 to 79,Absence of Chronic Disease,"High 95% confidence interval, estimate",Percentage,52.6
2015,Canada,2016A000011124,Hypertension,Females,Ages 6 to 79,Presence of Chronic Disease,Estimate,Percentage,17.2
2015,Canada,2016A000011124,Hypertension,Females,Ages 6 to 79,Presence of Chronic Disease,"Low 95% confidence interval, estimate",Percentage,13.6
2015,Canada,2016A000011124,Hypertension,Females,Ages 6 to 79,Presence of Chronic Disease,"High 95% confidence interval, estimate",Percentage,21.5
2015,Canada,2016A000011124,Hypertension,Females,Ages 6 to 79,Absence of Chronic Disease,Estimate,Percentage,82.8
2015,Canada,2016A000011124,Hypertension,Females,Ages 6 to 79,Absence of Chronic Disease,"Low 95% confidence interval, estimate",Percentage,78.5
2015,Canada,2016A000011124,Hypertension,Females,Ages 6 to 79,Absence of Chronic Disease,"High 95% confidence interval, estimate",Percentage,86.4
2015,Canada,2016A000011124,Hypertension,Females,Ages 6 to 11,Presence of Chronic Disease,Estimate,Percentage,6.1
2015,Canada,2016A000011124,Hypertension,Females,Ages 6 to 11,Presence of Chronic Disease,"Low 95% confidence interval, estimate",Percentage,3.3
2015,Canada,2016A000011124,Hypertension,Females,Ages 6 to 11,Presence of Chronic Disease,"High 95% confidence interval, estimate",Percentage,10.9
2015,Canada,2016A000011124,Hypertension,Females,Ages 6 to 11,Absence of Chronic Disease,Estimate,Percentage,93.9
2015,Canada,2016A000011124,Hypertension,Females,Ages 6 to 11,Absence of Chronic Disease,"Low 95% confidence interval, estimate",Percentage,89.1
2015,Canada,2016A000011124,Hypertension,Females,Ages 6 to 11,Absence of Chronic Disease,"High 95% confidence interval, estimate",Percentage,96.7
2015,Canada,2016A000011124,Hypertension,Females,Ages 12 to 19,Presence of Chronic Disease,Estimate,Percentage,
2015,Canada,2016A000011124,Hypertension,Females,Ages 12 to 19,Presence of Chronic Disease,"Low 95% confidence interval, estimate",Percentage,
2015,Canada,2016A000011124,Hypertension,Females,Ages 12 to 19,Presence of Chronic Disease,"High 95% confidence interval, estimate",Percentage,
2015,Canada,2016A000011124,Hypertension,Females,Ages 12 to 19,Absence of Chronic Disease,Estimate,Percentage,99.4
2015,Canada,2016A000011124,Hypertension,Females,Ages 12 to 19,Absence of Chronic Disease,"Low 95% confidence interval, estimate",Percentage,97.5
2015,Canada,2016A000011124,Hypertension,Females,Ages 12 to 19,Absence of Chronic Disease,"High 95% confidence interval, estimate",Percentage,99.9
2015,Canada,2016A000011124,Hypertension,Females,Ages 20 to 39,Presence of Chronic Disease,Estimate,Percentage,
2015,Canada,2016A000011124,Hypertension,Females,Ages 20 to 39,Presence of Chronic Disease,"Low 95% confidence interval, estimate",Percentage,
2015,Canada,2016A000011124,Hypertension,Females,Ages 20 to 39,Presence of Chronic Disease,"High 95% confidence interval, estimate",Percentage,
2015,Canada,2016A000011124,Hypertension,Females,Ages 20 to 39,Absence of Chronic Disease,Estimate,Percentage,97.0
2015,Canada,2016A000011124,Hypertension,Females,Ages 20 to 39,Absence of Chronic Disease,"Low 95% confidence interval, estimate",Percentage,89.6
2015,Canada,2016A000011124,Hypertension,Females,Ages 20 to 39,Absence of Chronic Disease,"High 95% confidence interval, estimate",Percentage,99.2
2015,Canada,2016A000011124,Hypertension,Females,Ages 40 to 59,Presence of Chronic Disease,Estimate,Percentage,20.1
2015,Canada,2016A000011124,Hypertension,Females,Ages 40 to 59,Presence of Chronic Disease,"Low 95% confidence interval, estimate",Percentage,12.0
2015,Canada,2016A000011124,Hypertension,Females,Ages 40 to 59,Presence of Chronic Disease,"High 95% confidence interval, estimate",Percentage,31.7
2015,Canada,2016A000011124,Hypertension,Females,Ages 40 to 59,Absence of Chronic Disease,Estimate,Percentage,79.9
2015,Canada,2016A000011124,Hypertension,Females,Ages 40 to 59,Absence of Chronic Disease,"Low 95% confidence interval, estimate",Percentage,68.3
2015,Canada,2016A000011124,Hypertension,Females,Ages 40 to 59,Absence of Chronic Disease,"High 95% confidence interval, estimate",Percentage,88.0
2015,Canada,2016A000011124,Hypertension,Females,Ages 60 to 79,Presence of Chronic Disease,Estimate,Percentage,45.0
2015,Canada,2016A000011124,Hypertension,Females,Ages 60 to 79,Presence of Chronic Disease,"Low 95% confidence interval, estimate",Percentage,40.1
2015,Canada,2016A000011124,Hypertension,Females,Ages 60 to 79,Presence of Chronic Disease,"High 95% confidence interval, estimate",Percentage,50.0
2015,Canada,2016A000011124,Hypertension,Females,Ages 60 to 79,Absence of Chronic Disease,Estimate,Percentage,55.0
2015,Canada,2016A000011124,Hypertension,Females,Ages 60 to 79,Absence of Chronic Disease,"Low 95% confidence interval, estimate",Percentage,50.0
2015,Canada,2016A000011124,Hypertension,Females,Ages 60 to 79,Absence of Chronic Disease,"High 95% confidence interval, estimate",Percentage,59.9
2015,Canada,2016A000011124,Chronic obstructive pulmonary disease (COPD),Both sexes,Ages 35 to 79,Presence of Chronic Disease,Estimate,Percentage,14.1
2015,Canada,2016A000011124,Chronic obstructive pulmonary disease (COPD),Both sexes,Ages 35 to 79,Presence of Chronic Disease,"Low 95% confidence interval, estimate",Percentage,11.6
2015,Canada,2016A000011124,Chronic obstructive pulmonary disease (COPD),Both sexes,Ages 35 to 79,Presence of Chronic Disease,"High 95% confidence interval, estimate",Percentage,17.0
2015,Canada,2016A000011124,Chronic obstructive pulmonary disease (COPD),Both sexes,Ages 35 to 79,Absence of Chronic Disease,Estimate,Percentage,85.9
2015,Canada,2016A000011124,Chronic obstructive pulmonary disease (COPD),Both sexes,Ages 35 to 79,Absence of Chronic Disease,"Low 95% confidence interval, estimate",Percentage,83.0
2015,Canada,2016A000011124,Chronic obstructive pulmonary disease (COPD),Both sexes,Ages 35 to 79,Absence of Chronic Disease,"High 95% confidence interval, estimate",Percentage,88.4
2015,Canada,2016A000011124,Chronic obstructive pulmonary disease (COPD),Both sexes,Ages 35 to 59,Presence of Chronic Disease,Estimate,Percentage,14.2
2015,Canada,2016A000011124,Chronic obstructive pulmonary disease (COPD),Both sexes,Ages 35 to 59,Presence of Chronic Disease,"Low 95% confidence interval, estimate",Percentage,11.2
2015,Canada,2016A000011124,Chronic obstructive pulmonary disease (COPD),Both sexes,Ages 35 to 59,Presence of Chronic Disease,"High 95% confidence interval, estimate",Percentage,17.9
2015,Canada,2016A000011124,Chronic obstructive pulmonary disease (COPD),Both sexes,Ages 35 to 59,Absence of Chronic Disease,Estimate,Percentage,85.8
2015,Canada,2016A000011124,Chronic obstructive pulmonary disease (COPD),Both sexes,Ages 35 to 59,Absence of Chronic Disease,"Low 95% confidence interval, estimate",Percentage,82.1
2015,Canada,2016A000011124,Chronic obstructive pulmonary disease (COPD),Both sexes,Ages 35 to 59,Absence of Chronic Disease,"High 95% confidence interval, estimate",Percentage,88.8
2015,Canada,2016A000011124,Chronic obstructive pulmonary disease (COPD),Both sexes,Ages 60 to 79,Presence of Chronic Disease,Estimate,Percentage,14.0
2015,Canada,2016A000011124,Chronic obstructive pulmonary disease (COPD),Both sexes,Ages 60 to 79,Presence of Chronic Disease,"Low 95% confidence interval, estimate",Percentage,11.1
2015,Canada,2016A000011124,Chronic obstructive pulmonary disease (COPD),Both sexes,Ages 60 to 79,Presence of Chronic Disease,"High 95% confidence interval, estimate",Percentage,17.4
2015,Canada,2016A000011124,Chronic obstructive pulmonary disease (COPD),Both sexes,Ages 60 to 79,Absence of Chronic Disease,Estimate,Percentage,86.0
2015,Canada,2016A000011124,Chronic obstructive pulmonary disease (COPD),Both sexes,Ages 60 to 79,Absence of Chronic Disease,"Low 95% confidence interval, estimate",Percentage,82.6
2015,Canada,2016A000011124,Chronic obstructive pulmonary disease (COPD),Both sexes,Ages 60 to 79,Absence of Chronic Disease,"High 95% confidence interval, estimate",Percentage,88.9
2015,Canada,2016A000011124,Chronic obstructive pulmonary disease (COPD),Males,Ages 35 to 79,Presence of Chronic Disease,Estimate,Percentage,12.6
2015,Canada,2016A000011124,Chronic obstructive pulmonary disease (COPD),Males,Ages 35 to 79,Presence of Chronic Disease,"Low 95% confidence interval, estimate",Percentage,10.8
2015,Canada,2016A000011124,Chronic obstructive pulmonary disease (COPD),Males,Ages 35 to 79,Presence of Chronic Disease,"High 95% confidence interval, estimate",Percentage,14.7
2015,Canada,2016A000011124,Chronic obstructive pulmonary disease (COPD),Males,Ages 35 to 79,Absence of Chronic Disease,Estimate,Percentage,87.4
2015,Canada,2016A000011124,Chronic obstructive pulmonary disease (COPD),Males,Ages 35 to 79,Absence of Chronic Disease,"Low 95% confidence interval, estimate",Percentage,85.3
2015,Canada,2016A000011124,Chronic obstructive pulmonary disease (COPD),Males,Ages 35 to 79,Absence of Chronic Disease,"High 95% confidence interval, estimate",Percentage,89.2
2015,Canada,2016A000011124,Chronic obstructive pulmonary disease (COPD),Males,Ages 35 to 59,Presence of Chronic Disease,Estimate,Percentage,12.9
2015,Canada,2016A000011124,Chronic obstructive pulmonary disease (COPD),Males,Ages 35 to 59,Presence of Chronic Disease,"Low 95% confidence interval, estimate",Percentage,9.6
2015,Canada,2016A000011124,Chronic obstructive pulmonary disease (COPD),Males,Ages 35 to 59,Presence of Chronic Disease,"High 95% confidence interval, estimate",Percentage,17.0
2015,Canada,2016A000011124,Chronic obstructive pulmonary disease (COPD),Males,Ages 35 to 59,Absence of Chronic Disease,Estimate,Percentage,87.1
2015,Canada,2016A000011124,Chronic obstructive pulmonary disease (COPD),Males,Ages 35 to 59,Absence of Chronic Disease,"Low 95% confidence interval, estimate",Percentage,83.0
2015,Canada,2016A000011124,Chronic obstructive pulmonary disease (COPD),Males,Ages 35 to 59,Absence of Chronic Disease,"High 95% confidence interval, estimate",Percentage,90.4
2015,Canada,2016A000011124,Chronic obstructive pulmonary disease (COPD),Males,Ages 60 to 79,Presence of Chronic Disease,Estimate,Percentage,12.2
2015,Canada,2016A000011124,Chronic obstructive pulmonary disease (COPD),Males,Ages 60 to 79,Presence of Chronic Disease,"Low 95% confidence interval, estimate",Percentage,8.7
2015,Canada,2016A000011124,Chronic obstructive pulmonary disease (COPD),Males,Ages 60 to 79,Presence of Chronic Disease,"High 95% confidence interval, estimate",Percentage,16.7
2015,Canada,2016A000011124,Chronic obstructive pulmonary disease (COPD),Males,Ages 60 to 79,Absence of Chronic Disease,Estimate,Percentage,87.8
2015,Canada,2016A000011124,Chronic obstructive pulmonary disease (COPD),Males,Ages 60 to 79,Absence of Chronic Disease,"Low 95% confidence interval, estimate",Percentage,83.3
2015,Canada,2016A000011124,Chronic obstructive pulmonary disease (COPD),Males,Ages 60 to 79,Absence of Chronic Disease,"High 95% confidence interval, estimate",Percentage,91.3
2015,Canada,2016A000011124,Chronic obstructive pulmonary disease (COPD),Females,Ages 35 to 79,Presence of Chronic Disease,Estimate,Percentage,15.5
2015,Canada,2016A000011124,Chronic obstructive pulmonary disease (COPD),Females,Ages 35 to 79,Presence of Chronic Disease,"Low 95% confidence interval, estimate",Percentage,10.8
2015,Canada,2016A000011124,Chronic obstructive pulmonary disease (COPD),Females,Ages 35 to 79,Presence of Chronic Disease,"High 95% confidence interval, estimate",Percentage,21.9
2015,Canada,2016A000011124,Chronic obstructive pulmonary disease (COPD),Females,Ages 35 to 79,Absence of Chronic Disease,Estimate,Percentage,84.5
2015,Canada,2016A000011124,Chronic obstructive pulmonary disease (COPD),Females,Ages 35 to 79,Absence of Chronic Disease,"Low 95% confidence interval, estimate",Percentage,78.1
2015,Canada,2016A000011124,Chronic obstructive pulmonary disease (COPD),Females,Ages 35 to 79,Absence of Chronic Disease,"High 95% confidence interval, estimate",Percentage,89.2
2015,Canada,2016A000011124,Chronic obstructive pulmonary disease (COPD),Females,Ages 35 to 59,Presence of Chronic Disease,Estimate,Percentage,15.5
2015,Canada,2016A000011124,Chronic obstructive pulmonary disease (COPD),Females,Ages 35 to 59,Presence of Chronic Disease,"Low 95% confidence interval, estimate",Percentage,9.0
2015,Canada,2016A000011124,Chronic obstructive pulmonary disease (COPD),Females,Ages 35 to 59,Presence of Chronic Disease,"High 95% confidence interval, estimate",Percentage,25.5
2015,Canada,2016A000011124,Chronic obstructive pulmonary disease (COPD),Females,Ages 35 to 59,Absence of Chronic Disease,Estimate,Percentage,84.5
2015,Canada,2016A000011124,Chronic obstructive pulmonary disease (COPD),Females,Ages 35 to 59,Absence of Chronic Disease,"Low 95% confidence interval, estimate",Percentage,74.5
2015,Canada,2016A000011124,Chronic obstructive pulmonary disease (COPD),Females,Ages 35 to 59,Absence of Chronic Disease,"High 95% confidence interval, estimate",Percentage,91.0
2015,Canada,2016A000011124,Chronic obstructive pulmonary disease (COPD),Females,Ages 60 to 79,Presence of Chronic Disease,Estimate,Percentage,15.7
2015,Canada,2016A000011124,Chronic obstructive pulmonary disease (COPD),Females,Ages 60 to 79,Presence of Chronic Disease,"Low 95% confidence interval, estimate",Percentage,11.7
2015,Canada,2016A000011124,Chronic obstructive pulmonary disease (COPD),Females,Ages 60 to 79,Presence of Chronic Disease,"High 95% confidence interval, estimate",Percentage,20.7
2015,Canada,2016A000011124,Chronic obstructive pulmonary disease (COPD),Females,Ages 60 to 79,Absence of Chronic Disease,Estimate,Percentage,84.3
2015,Canada,2016A000011124,Chronic obstructive pulmonary disease (COPD),Females,Ages 60 to 79,Absence of Chronic Disease,"Low 95% confidence interval, estimate",Percentage,79.3
2015,Canada,2016A000011124,Chronic obstructive pulmonary disease (COPD),Females,Ages 60 to 79,Absence of Chronic Disease,"High 95% confidence interval, estimate",Percentage,88.3
